,ACC,trial_id,Learning Method,Training Size,partition_random_state,currerent_fold,data_percentage
0,81.24298858642578,c26a5_00004,TCL (Conv),800,0,1,0.003646507557386913
1,83.1878890991211,c26a5_00004,TCL (Conv),800,0,1,0.003646507557386913
2,83.9498291015625,c26a5_00004,TCL (Conv),800,0,1,0.003646507557386913
3,82.30358123779297,c26a5_00004,TCL (Conv),800,0,1,0.003646507557386913
4,83.6817626953125,c26a5_00004,TCL (Conv),800,0,1,0.003646507557386913
5,84.53402709960938,c26a5_00004,TCL (Conv),800,0,1,0.003646507557386913
6,83.80123138427734,c26a5_00004,TCL (Conv),800,0,1,0.003646507557386913
7,85.11968231201172,c26a5_00004,TCL (Conv),800,0,1,0.003646507557386913
8,84.63455200195312,c26a5_00004,TCL (Conv),800,0,1,0.003646507557386913
9,85.63249206542969,c26a5_00004,TCL (Conv),800,0,1,0.003646507557386913
10,83.87552642822266,c26a5_00004,TCL (Conv),800,0,1,0.003646507557386913
11,86.08557891845703,c26a5_00004,TCL (Conv),800,0,1,0.003646507557386913
12,83.72984313964844,c26a5_00004,TCL (Conv),800,0,1,0.003646507557386913
13,83.32337951660156,c26a5_00004,TCL (Conv),800,0,1,0.003646507557386913
14,84.02412414550781,c26a5_00004,TCL (Conv),800,0,1,0.003646507557386913
15,85.96611785888672,c26a5_00004,TCL (Conv),800,0,1,0.003646507557386913
16,85.7344741821289,c26a5_00004,TCL (Conv),800,0,1,0.003646507557386913
17,86.28807830810547,c26a5_00004,TCL (Conv),800,0,1,0.003646507557386913
18,85.86705017089844,c26a5_00004,TCL (Conv),800,0,1,0.003646507557386913
19,84.77003479003906,c26a5_00004,TCL (Conv),800,0,1,0.003646507557386913
20,84.62435150146484,c26a5_00004,TCL (Conv),800,0,1,0.003646507557386913
21,85.84956359863281,c26a5_00004,TCL (Conv),800,0,1,0.003646507557386913
22,84.92154693603516,c26a5_00004,TCL (Conv),800,0,1,0.003646507557386913
23,81.05359649658203,c26a5_00004,TCL (Conv),800,0,1,0.003646507557386913
24,84.04598236083984,c26a5_00004,TCL (Conv),800,0,1,0.003646507557386913
25,85.80294799804688,c26a5_00004,TCL (Conv),800,0,1,0.003646507557386913
26,85.30907440185547,c26a5_00004,TCL (Conv),800,0,1,0.003646507557386913
27,85.51303100585938,c26a5_00004,TCL (Conv),800,0,1,0.003646507557386913
28,85.27702331542969,c26a5_00004,TCL (Conv),800,0,1,0.003646507557386913
29,86.00981903076172,c26a5_00004,TCL (Conv),800,0,1,0.003646507557386913
30,85.39939880371094,c26a5_00004,TCL (Conv),800,0,1,0.003646507557386913
31,84.88221740722656,c26a5_00004,TCL (Conv),800,0,1,0.003646507557386913
32,83.97313690185547,c26a5_00004,TCL (Conv),800,0,1,0.003646507557386913
33,85.47370147705078,c26a5_00004,TCL (Conv),800,0,1,0.003646507557386913
34,84.96088409423828,c26a5_00004,TCL (Conv),800,0,1,0.003646507557386913
35,85.1968994140625,c26a5_00004,TCL (Conv),800,0,1,0.003646507557386913
36,85.67182922363281,c26a5_00004,TCL (Conv),800,0,1,0.003646507557386913
37,85.83062744140625,c26a5_00004,TCL (Conv),800,0,1,0.003646507557386913
38,84.02120971679688,c26a5_00004,TCL (Conv),800,0,1,0.003646507557386913
39,85.51740264892578,c26a5_00004,TCL (Conv),800,0,1,0.003646507557386913
40,84.31841278076172,c26a5_00004,TCL (Conv),800,0,1,0.003646507557386913
41,83.659912109375,c26a5_00004,TCL (Conv),800,0,1,0.003646507557386913
42,82.86009979248047,c26a5_00004,TCL (Conv),800,0,1,0.003646507557386913
43,82.55998992919922,c26a5_00004,TCL (Conv),800,0,1,0.003646507557386913
44,84.45826721191406,c26a5_00004,TCL (Conv),800,0,1,0.003646507557386913
45,85.38774108886719,c26a5_00004,TCL (Conv),800,0,1,0.003646507557386913
46,84.35774993896484,c26a5_00004,TCL (Conv),800,0,1,0.003646507557386913
47,82.73772430419922,c26a5_00004,TCL (Conv),800,0,1,0.003646507557386913
48,79.51224517822266,c26a5_00004,TCL (Conv),800,0,1,0.003646507557386913
49,85.34986877441406,c26a5_00004,TCL (Conv),800,0,1,0.003646507557386913
50,84.8399658203125,c26a5_00004,TCL (Conv),800,0,1,0.003646507557386913
51,84.75838470458984,c26a5_00004,TCL (Conv),800,0,1,0.003646507557386913
52,85.39939880371094,c26a5_00004,TCL (Conv),800,0,1,0.003646507557386913
53,86.18318939208984,c26a5_00004,TCL (Conv),800,0,1,0.003646507557386913
54,83.46760559082031,c26a5_00004,TCL (Conv),800,0,1,0.003646507557386913
55,82.18849182128906,c26a5_00004,TCL (Conv),800,0,1,0.003646507557386913
56,85.55382537841797,c26a5_00004,TCL (Conv),800,0,1,0.003646507557386913
57,83.93525695800781,c26a5_00004,TCL (Conv),800,0,1,0.003646507557386913
58,84.67097473144531,c26a5_00004,TCL (Conv),800,0,1,0.003646507557386913
59,84.3548355102539,c26a5_00004,TCL (Conv),800,0,1,0.003646507557386913
60,85.18961334228516,c26a5_00004,TCL (Conv),800,0,1,0.003646507557386913
61,85.73301696777344,c26a5_00004,TCL (Conv),800,0,1,0.003646507557386913
62,83.4107894897461,c26a5_00004,TCL (Conv),800,0,1,0.003646507557386913
63,80.74620056152344,c26a5_00004,TCL (Conv),800,0,1,0.003646507557386913
64,83.94254302978516,c26a5_00004,TCL (Conv),800,0,1,0.003646507557386913
65,81.52124786376953,c26a5_00004,TCL (Conv),800,0,1,0.003646507557386913
66,84.78460693359375,c26a5_00004,TCL (Conv),800,0,1,0.003646507557386913
67,82.85135650634766,c26a5_00004,TCL (Conv),800,0,1,0.003646507557386913
68,84.42330932617188,c26a5_00004,TCL (Conv),800,0,1,0.003646507557386913
69,84.47866821289062,c26a5_00004,TCL (Conv),800,0,1,0.003646507557386913
70,85.49555206298828,c26a5_00004,TCL (Conv),800,0,1,0.003646507557386913
71,84.28927612304688,c26a5_00004,TCL (Conv),800,0,1,0.003646507557386913
72,86.0418701171875,c26a5_00004,TCL (Conv),800,0,1,0.003646507557386913
73,85.15464782714844,c26a5_00004,TCL (Conv),800,0,1,0.003646507557386913
74,85.75778198242188,c26a5_00004,TCL (Conv),800,0,1,0.003646507557386913
75,85.60189819335938,c26a5_00004,TCL (Conv),800,0,1,0.003646507557386913
76,83.89301300048828,c26a5_00004,TCL (Conv),800,0,1,0.003646507557386913
77,84.93029022216797,c26a5_00004,TCL (Conv),800,0,1,0.003646507557386913
78,84.38834381103516,c26a5_00004,TCL (Conv),800,0,1,0.003646507557386913
79,85.7563247680664,c26a5_00004,TCL (Conv),800,0,1,0.003646507557386913
80,84.80208587646484,c26a5_00004,TCL (Conv),800,0,1,0.003646507557386913
81,86.10305786132812,c26a5_00004,TCL (Conv),800,0,1,0.003646507557386913
82,86.00836181640625,c26a5_00004,TCL (Conv),800,0,1,0.003646507557386913
83,85.17212677001953,c26a5_00004,TCL (Conv),800,0,1,0.003646507557386913
84,86.41336822509766,c26a5_00004,TCL (Conv),800,0,1,0.003646507557386913
85,85.74176025390625,c26a5_00004,TCL (Conv),800,0,1,0.003646507557386913
86,85.80003356933594,c26a5_00004,TCL (Conv),800,0,1,0.003646507557386913
87,85.85684967041016,c26a5_00004,TCL (Conv),800,0,1,0.003646507557386913
88,85.38774108886719,c26a5_00004,TCL (Conv),800,0,1,0.003646507557386913
89,84.93029022216797,c26a5_00004,TCL (Conv),800,0,1,0.003646507557386913
90,85.46058654785156,c26a5_00004,TCL (Conv),800,0,1,0.003646507557386913
91,85.85539245605469,c26a5_00004,TCL (Conv),800,0,1,0.003646507557386913
92,84.94923400878906,c26a5_00004,TCL (Conv),800,0,1,0.003646507557386913
93,84.98564910888672,c26a5_00004,TCL (Conv),800,0,1,0.003646507557386913
94,85.29013061523438,c26a5_00004,TCL (Conv),800,0,1,0.003646507557386913
95,85.6004409790039,c26a5_00004,TCL (Conv),800,0,1,0.003646507557386913
96,84.94631958007812,c26a5_00004,TCL (Conv),800,0,1,0.003646507557386913
97,84.31841278076172,c26a5_00004,TCL (Conv),800,0,1,0.003646507557386913
98,84.88221740722656,c26a5_00004,TCL (Conv),800,0,1,0.003646507557386913
99,84.97254180908203,c26a5_00004,TCL (Conv),800,0,1,0.003646507557386913
100,86.14676666259766,c26a5_00004,TCL (Conv),800,0,1,0.003646507557386913
101,85.20709228515625,c26a5_00004,TCL (Conv),800,0,1,0.003646507557386913
102,85.76798248291016,c26a5_00004,TCL (Conv),800,0,1,0.003646507557386913
103,85.07597351074219,c26a5_00004,TCL (Conv),800,0,1,0.003646507557386913
104,85.82771301269531,c26a5_00004,TCL (Conv),800,0,1,0.003646507557386913
105,85.29595947265625,c26a5_00004,TCL (Conv),800,0,1,0.003646507557386913
106,85.9267807006836,c26a5_00004,TCL (Conv),800,0,1,0.003646507557386913
107,82.80036926269531,c26a5_00004,TCL (Conv),800,0,1,0.003646507557386913
108,84.24848175048828,c26a5_00004,TCL (Conv),800,0,1,0.003646507557386913
109,84.38397216796875,c26a5_00004,TCL (Conv),800,0,1,0.003646507557386913
110,84.97691345214844,c26a5_00004,TCL (Conv),800,0,1,0.003646507557386913
111,85.01042175292969,c26a5_00004,TCL (Conv),800,0,1,0.003646507557386913
112,84.73652648925781,c26a5_00004,TCL (Conv),800,0,1,0.003646507557386913
113,85.5698471069336,c26a5_00004,TCL (Conv),800,0,1,0.003646507557386913
114,85.93989562988281,c26a5_00004,TCL (Conv),800,0,1,0.003646507557386913
115,84.14213562011719,c26a5_00004,TCL (Conv),800,0,1,0.003646507557386913
116,85.62812805175781,c26a5_00004,TCL (Conv),800,0,1,0.003646507557386913
117,85.32073211669922,c26a5_00004,TCL (Conv),800,0,1,0.003646507557386913
118,84.63309478759766,c26a5_00004,TCL (Conv),800,0,1,0.003646507557386913
119,85.76798248291016,c26a5_00004,TCL (Conv),800,0,1,0.003646507557386913
120,85.11676788330078,c26a5_00004,TCL (Conv),800,0,1,0.003646507557386913
121,84.64765930175781,c26a5_00004,TCL (Conv),800,0,1,0.003646507557386913
122,85.67474365234375,c26a5_00004,TCL (Conv),800,0,1,0.003646507557386913
123,85.83208465576172,c26a5_00004,TCL (Conv),800,0,1,0.003646507557386913
124,86.01856231689453,c26a5_00004,TCL (Conv),800,0,1,0.003646507557386913
125,84.4568099975586,c26a5_00004,TCL (Conv),800,0,1,0.003646507557386913
126,84.81665802001953,c26a5_00004,TCL (Conv),800,0,1,0.003646507557386913
127,84.95214080810547,c26a5_00004,TCL (Conv),800,0,1,0.003646507557386913
128,84.98127746582031,c26a5_00004,TCL (Conv),800,0,1,0.003646507557386913
129,85.60189819335938,c26a5_00004,TCL (Conv),800,0,1,0.003646507557386913
130,85.55819702148438,c26a5_00004,TCL (Conv),800,0,1,0.003646507557386913
131,84.97691345214844,c26a5_00004,TCL (Conv),800,0,1,0.003646507557386913
132,85.51011657714844,c26a5_00004,TCL (Conv),800,0,1,0.003646507557386913
133,85.04683685302734,c26a5_00004,TCL (Conv),800,0,1,0.003646507557386913
134,85.33966827392578,c26a5_00004,TCL (Conv),800,0,1,0.003646507557386913
135,85.10802459716797,c26a5_00004,TCL (Conv),800,0,1,0.003646507557386913
136,85.3250961303711,c26a5_00004,TCL (Conv),800,0,1,0.003646507557386913
137,85.32655334472656,c26a5_00004,TCL (Conv),800,0,1,0.003646507557386913
138,84.40873718261719,c26a5_00004,TCL (Conv),800,0,1,0.003646507557386913
139,84.9739990234375,c26a5_00004,TCL (Conv),800,0,1,0.003646507557386913
140,85.5261459350586,c26a5_00004,TCL (Conv),800,0,1,0.003646507557386913
141,83.52151489257812,c26a5_00004,TCL (Conv),800,0,1,0.003646507557386913
142,84.18729400634766,c26a5_00004,TCL (Conv),800,0,1,0.003646507557386913
143,83.82891082763672,c26a5_00004,TCL (Conv),800,0,1,0.003646507557386913
144,83.51860046386719,c26a5_00004,TCL (Conv),800,0,1,0.003646507557386913
145,84.13047790527344,c26a5_00004,TCL (Conv),800,0,1,0.003646507557386913
146,85.70242309570312,c26a5_00004,TCL (Conv),800,0,1,0.003646507557386913
147,85.34403991699219,c26a5_00004,TCL (Conv),800,0,1,0.003646507557386913
148,84.9244613647461,c26a5_00004,TCL (Conv),800,0,1,0.003646507557386913
149,84.08531188964844,c26a5_00004,TCL (Conv),800,0,1,0.003646507557386913
150,84.82394409179688,c26a5_00004,TCL (Conv),800,0,1,0.003646507557386913
151,85.09783172607422,c26a5_00004,TCL (Conv),800,0,1,0.003646507557386913
152,84.73070526123047,c26a5_00004,TCL (Conv),800,0,1,0.003646507557386913
153,84.69136810302734,c26a5_00004,TCL (Conv),800,0,1,0.003646507557386913
154,85.00313568115234,c26a5_00004,TCL (Conv),800,0,1,0.003646507557386913
155,84.73798370361328,c26a5_00004,TCL (Conv),800,0,1,0.003646507557386913
156,84.19166564941406,c26a5_00004,TCL (Conv),800,0,1,0.003646507557386913
157,85.36734771728516,c26a5_00004,TCL (Conv),800,0,1,0.003646507557386913
158,85.27702331542969,c26a5_00004,TCL (Conv),800,0,1,0.003646507557386913
159,84.49614715576172,c26a5_00004,TCL (Conv),800,0,1,0.003646507557386913
160,84.94923400878906,c26a5_00004,TCL (Conv),800,0,1,0.003646507557386913
161,85.18524169921875,c26a5_00004,TCL (Conv),800,0,1,0.003646507557386913
162,84.14359283447266,c26a5_00004,TCL (Conv),800,0,1,0.003646507557386913
163,84.18292236328125,c26a5_00004,TCL (Conv),800,0,1,0.003646507557386913
164,85.00313568115234,c26a5_00004,TCL (Conv),800,0,1,0.003646507557386913
165,85.1925277709961,c26a5_00004,TCL (Conv),800,0,1,0.003646507557386913
166,83.48072052001953,c26a5_00004,TCL (Conv),800,0,1,0.003646507557386913
167,84.6797103881836,c26a5_00004,TCL (Conv),800,0,1,0.003646507557386913
168,85.01478576660156,c26a5_00004,TCL (Conv),800,0,1,0.003646507557386913
169,85.5348892211914,c26a5_00004,TCL (Conv),800,0,1,0.003646507557386913
170,85.06432342529297,c26a5_00004,TCL (Conv),800,0,1,0.003646507557386913
171,85.02790069580078,c26a5_00004,TCL (Conv),800,0,1,0.003646507557386913
172,84.05908966064453,c26a5_00004,TCL (Conv),800,0,1,0.003646507557386913
173,84.48303985595703,c26a5_00004,TCL (Conv),800,0,1,0.003646507557386913
174,85.33821105957031,c26a5_00004,TCL (Conv),800,0,1,0.003646507557386913
175,85.55382537841797,c26a5_00004,TCL (Conv),800,0,1,0.003646507557386913
176,85.09054565429688,c26a5_00004,TCL (Conv),800,0,1,0.003646507557386913
177,85.52468872070312,c26a5_00004,TCL (Conv),800,0,1,0.003646507557386913
178,84.65931701660156,c26a5_00004,TCL (Conv),800,0,1,0.003646507557386913
179,84.7103042602539,c26a5_00004,TCL (Conv),800,0,1,0.003646507557386913
180,85.14299011230469,c26a5_00004,TCL (Conv),800,0,1,0.003646507557386913
181,84.05908966064453,c26a5_00004,TCL (Conv),800,0,1,0.003646507557386913
182,84.80062866210938,c26a5_00004,TCL (Conv),800,0,1,0.003646507557386913
183,83.86969757080078,c26a5_00004,TCL (Conv),800,0,1,0.003646507557386913
184,85.17212677001953,c26a5_00004,TCL (Conv),800,0,1,0.003646507557386913
185,85.44601440429688,c26a5_00004,TCL (Conv),800,0,1,0.003646507557386913
186,85.6412353515625,c26a5_00004,TCL (Conv),800,0,1,0.003646507557386913
187,85.48389434814453,c26a5_00004,TCL (Conv),800,0,1,0.003646507557386913
188,85.27702331542969,c26a5_00004,TCL (Conv),800,0,1,0.003646507557386913
189,84.67825317382812,c26a5_00004,TCL (Conv),800,0,1,0.003646507557386913
190,85.19834899902344,c26a5_00004,TCL (Conv),800,0,1,0.003646507557386913
191,85.07451629638672,c26a5_00004,TCL (Conv),800,0,1,0.003646507557386913
192,85.49846649169922,c26a5_00004,TCL (Conv),800,0,1,0.003646507557386913
193,84.24993896484375,c26a5_00004,TCL (Conv),800,0,1,0.003646507557386913
194,85.6237564086914,c26a5_00004,TCL (Conv),800,0,1,0.003646507557386913
195,85.2143783569336,c26a5_00004,TCL (Conv),800,0,1,0.003646507557386913
196,84.78314971923828,c26a5_00004,TCL (Conv),800,0,1,0.003646507557386913
197,85.35423278808594,c26a5_00004,TCL (Conv),800,0,1,0.003646507557386913
198,84.42475891113281,c26a5_00004,TCL (Conv),800,0,1,0.003646507557386913
199,85.3338394165039,c26a5_00004,TCL (Conv),800,0,1,0.003646507557386913
200,79.7713394165039,c26a5_00240,TCL (Conv),400,1,3,0.0018232537786934564
201,81.53235626220703,c26a5_00240,TCL (Conv),400,1,3,0.0018232537786934564
202,80.70747375488281,c26a5_00240,TCL (Conv),400,1,3,0.0018232537786934564
203,79.57566833496094,c26a5_00240,TCL (Conv),400,1,3,0.0018232537786934564
204,80.0514144897461,c26a5_00240,TCL (Conv),400,1,3,0.0018232537786934564
205,81.28297424316406,c26a5_00240,TCL (Conv),400,1,3,0.0018232537786934564
206,78.48798370361328,c26a5_00240,TCL (Conv),400,1,3,0.0018232537786934564
207,81.04893493652344,c26a5_00240,TCL (Conv),400,1,3,0.0018232537786934564
208,82.21719360351562,c26a5_00240,TCL (Conv),400,1,3,0.0018232537786934564
209,83.19361877441406,c26a5_00240,TCL (Conv),400,1,3,0.0018232537786934564
210,82.65457153320312,c26a5_00240,TCL (Conv),400,1,3,0.0018232537786934564
211,83.16676330566406,c26a5_00240,TCL (Conv),400,1,3,0.0018232537786934564
212,83.58495330810547,c26a5_00240,TCL (Conv),400,1,3,0.0018232537786934564
213,82.844482421875,c26a5_00240,TCL (Conv),400,1,3,0.0018232537786934564
214,81.35203552246094,c26a5_00240,TCL (Conv),400,1,3,0.0018232537786934564
215,83.8189926147461,c26a5_00240,TCL (Conv),400,1,3,0.0018232537786934564
216,83.7269058227539,c26a5_00240,TCL (Conv),400,1,3,0.0018232537786934564
217,82.4397201538086,c26a5_00240,TCL (Conv),400,1,3,0.0018232537786934564
218,79.009765625,c26a5_00240,TCL (Conv),400,1,3,0.0018232537786934564
219,79.96700286865234,c26a5_00240,TCL (Conv),400,1,3,0.0018232537786934564
220,83.01329803466797,c26a5_00240,TCL (Conv),400,1,3,0.0018232537786934564
221,82.13086700439453,c26a5_00240,TCL (Conv),400,1,3,0.0018232537786934564
222,80.95685577392578,c26a5_00240,TCL (Conv),400,1,3,0.0018232537786934564
223,81.80859375,c26a5_00240,TCL (Conv),400,1,3,0.0018232537786934564
224,83.24732971191406,c26a5_00240,TCL (Conv),400,1,3,0.0018232537786934564
225,83.93025207519531,c26a5_00240,TCL (Conv),400,1,3,0.0018232537786934564
226,83.93025207519531,c26a5_00240,TCL (Conv),400,1,3,0.0018232537786934564
227,84.00890350341797,c26a5_00240,TCL (Conv),400,1,3,0.0018232537786934564
228,83.94367980957031,c26a5_00240,TCL (Conv),400,1,3,0.0018232537786934564
229,84.22566986083984,c26a5_00240,TCL (Conv),400,1,3,0.0018232537786934564
230,83.8189926147461,c26a5_00240,TCL (Conv),400,1,3,0.0018232537786934564
231,84.35995483398438,c26a5_00240,TCL (Conv),400,1,3,0.0018232537786934564
232,83.66168975830078,c26a5_00240,TCL (Conv),400,1,3,0.0018232537786934564
233,84.27171325683594,c26a5_00240,TCL (Conv),400,1,3,0.0018232537786934564
234,83.65785217285156,c26a5_00240,TCL (Conv),400,1,3,0.0018232537786934564
235,84.22759246826172,c26a5_00240,TCL (Conv),400,1,3,0.0018232537786934564
236,83.53315734863281,c26a5_00240,TCL (Conv),400,1,3,0.0018232537786934564
237,81.95054626464844,c26a5_00240,TCL (Conv),400,1,3,0.0018232537786934564
238,84.51342010498047,c26a5_00240,TCL (Conv),400,1,3,0.0018232537786934564
239,83.60030364990234,c26a5_00240,TCL (Conv),400,1,3,0.0018232537786934564
240,82.98684692382812,c26a5_00105,TE2E (Conv),600,0,1,0.0027348806680401847
241,82.68965148925781,c26a5_00105,TE2E (Conv),600,0,1,0.0027348806680401847
242,81.52999114990234,c26a5_00105,TE2E (Conv),600,0,1,0.0027348806680401847
243,83.37873840332031,c26a5_00105,TE2E (Conv),600,0,1,0.0027348806680401847
244,84.19166564941406,c26a5_00105,TE2E (Conv),600,0,1,0.0027348806680401847
245,84.27616119384766,c26a5_00105,TE2E (Conv),600,0,1,0.0027348806680401847
246,84.04889678955078,c26a5_00105,TE2E (Conv),600,0,1,0.0027348806680401847
247,84.38542938232422,c26a5_00105,TE2E (Conv),600,0,1,0.0027348806680401847
248,83.59435272216797,c26a5_00105,TE2E (Conv),600,0,1,0.0027348806680401847
249,83.36125946044922,c26a5_00105,TE2E (Conv),600,0,1,0.0027348806680401847
250,84.52965545654297,c26a5_00105,TE2E (Conv),600,0,1,0.0027348806680401847
251,84.36066436767578,c26a5_00105,TE2E (Conv),600,0,1,0.0027348806680401847
252,84.48303985595703,c26a5_00105,TE2E (Conv),600,0,1,0.0027348806680401847
253,84.27761840820312,c26a5_00105,TE2E (Conv),600,0,1,0.0027348806680401847
254,84.71321868896484,c26a5_00105,TE2E (Conv),600,0,1,0.0027348806680401847
255,84.76712036132812,c26a5_00105,TE2E (Conv),600,0,1,0.0027348806680401847
256,84.06929016113281,c26a5_00105,TE2E (Conv),600,0,1,0.0027348806680401847
257,82.7959976196289,c26a5_00105,TE2E (Conv),600,0,1,0.0027348806680401847
258,79.66667175292969,c26a5_00105,TE2E (Conv),600,0,1,0.0027348806680401847
259,82.412841796875,c26a5_00105,TE2E (Conv),600,0,1,0.0027348806680401847
260,85.13134002685547,c26a5_00105,TE2E (Conv),600,0,1,0.0027348806680401847
261,84.01976013183594,c26a5_00105,TE2E (Conv),600,0,1,0.0027348806680401847
262,84.54859161376953,c26a5_00105,TE2E (Conv),600,0,1,0.0027348806680401847
263,84.76129913330078,c26a5_00105,TE2E (Conv),600,0,1,0.0027348806680401847
264,85.06140899658203,c26a5_00105,TE2E (Conv),600,0,1,0.0027348806680401847
265,82.15352630615234,c26a5_00105,TE2E (Conv),600,0,1,0.0027348806680401847
266,82.6852798461914,c26a5_00105,TE2E (Conv),600,0,1,0.0027348806680401847
267,82.88340759277344,c26a5_00105,TE2E (Conv),600,0,1,0.0027348806680401847
268,85.27702331542969,c26a5_00105,TE2E (Conv),600,0,1,0.0027348806680401847
269,84.00955963134766,c26a5_00105,TE2E (Conv),600,0,1,0.0027348806680401847
270,77.91844940185547,c26a5_00105,TE2E (Conv),600,0,1,0.0027348806680401847
271,82.1200180053711,c26a5_00105,TE2E (Conv),600,0,1,0.0027348806680401847
272,83.43119049072266,c26a5_00105,TE2E (Conv),600,0,1,0.0027348806680401847
273,84.63455200195312,c26a5_00105,TE2E (Conv),600,0,1,0.0027348806680401847
274,81.86215209960938,c26a5_00105,TE2E (Conv),600,0,1,0.0027348806680401847
275,84.18146514892578,c26a5_00105,TE2E (Conv),600,0,1,0.0027348806680401847
276,82.99267578125,c26a5_00105,TE2E (Conv),600,0,1,0.0027348806680401847
277,83.57833099365234,c26a5_00105,TE2E (Conv),600,0,1,0.0027348806680401847
278,81.76017761230469,c26a5_00105,TE2E (Conv),600,0,1,0.0027348806680401847
279,82.23656463623047,c26a5_00105,TE2E (Conv),600,0,1,0.0027348806680401847
280,73.79901123046875,c26a5_00223,TE2E (Conv),400,2,2,0.0018232537786934564
281,81.7347640991211,c26a5_00223,TE2E (Conv),400,2,2,0.0018232537786934564
282,84.9275131225586,c26a5_00223,TE2E (Conv),400,2,2,0.0018232537786934564
283,84.37726593017578,c26a5_00223,TE2E (Conv),400,2,2,0.0018232537786934564
284,84.44481658935547,c26a5_00223,TE2E (Conv),400,2,2,0.0018232537786934564
285,83.9341049194336,c26a5_00223,TE2E (Conv),400,2,2,0.0018232537786934564
286,84.7413558959961,c26a5_00223,TE2E (Conv),400,2,2,0.0018232537786934564
287,82.71170043945312,c26a5_00223,TE2E (Conv),400,2,2,0.0018232537786934564
288,81.5453109741211,c26a5_00223,TE2E (Conv),400,2,2,0.0018232537786934564
289,84.23064422607422,c26a5_00223,TE2E (Conv),400,2,2,0.0018232537786934564
290,82.33773040771484,c26a5_00223,TE2E (Conv),400,2,2,0.0018232537786934564
291,81.03954315185547,c26a5_00223,TE2E (Conv),400,2,2,0.0018232537786934564
292,84.48270416259766,c26a5_00223,TE2E (Conv),400,2,2,0.0018232537786934564
293,81.64086151123047,c26a5_00223,TE2E (Conv),400,2,2,0.0018232537786934564
294,84.02635955810547,c26a5_00223,TE2E (Conv),400,2,2,0.0018232537786934564
295,85.46128845214844,c26a5_00223,TE2E (Conv),400,2,2,0.0018232537786934564
296,82.85667419433594,c26a5_00223,TE2E (Conv),400,2,2,0.0018232537786934564
297,84.4810562133789,c26a5_00223,TE2E (Conv),400,2,2,0.0018232537786934564
298,83.21746826171875,c26a5_00223,TE2E (Conv),400,2,2,0.0018232537786934564
299,82.14991760253906,c26a5_00223,TE2E (Conv),400,2,2,0.0018232537786934564
300,81.7281723022461,c26a5_00223,TE2E (Conv),400,2,2,0.0018232537786934564
301,83.99341583251953,c26a5_00223,TE2E (Conv),400,2,2,0.0018232537786934564
302,82.4085693359375,c26a5_00223,TE2E (Conv),400,2,2,0.0018232537786934564
303,84.75947570800781,c26a5_00223,TE2E (Conv),400,2,2,0.0018232537786934564
304,84.56837463378906,c26a5_00223,TE2E (Conv),400,2,2,0.0018232537786934564
305,85.11697387695312,c26a5_00223,TE2E (Conv),400,2,2,0.0018232537786934564
306,86.18451690673828,c26a5_00223,TE2E (Conv),400,2,2,0.0018232537786934564
307,82.14991760253906,c26a5_00223,TE2E (Conv),400,2,2,0.0018232537786934564
308,82.49588775634766,c26a5_00223,TE2E (Conv),400,2,2,0.0018232537786934564
309,85.69193267822266,c26a5_00223,TE2E (Conv),400,2,2,0.0018232537786934564
310,84.5453109741211,c26a5_00223,TE2E (Conv),400,2,2,0.0018232537786934564
311,86.1301498413086,c26a5_00223,TE2E (Conv),400,2,2,0.0018232537786934564
312,82.8731460571289,c26a5_00223,TE2E (Conv),400,2,2,0.0018232537786934564
313,83.10543823242188,c26a5_00223,TE2E (Conv),400,2,2,0.0018232537786934564
314,83.35914611816406,c26a5_00223,TE2E (Conv),400,2,2,0.0018232537786934564
315,82.25700378417969,c26a5_00223,TE2E (Conv),400,2,2,0.0018232537786934564
316,83.95057678222656,c26a5_00223,TE2E (Conv),400,2,2,0.0018232537786934564
317,85.23229217529297,c26a5_00223,TE2E (Conv),400,2,2,0.0018232537786934564
318,83.4019775390625,c26a5_00223,TE2E (Conv),400,2,2,0.0018232537786934564
319,85.1400375366211,c26a5_00223,TE2E (Conv),400,2,2,0.0018232537786934564
320,85.5354232788086,c26a5_00223,TE2E (Conv),400,2,2,0.0018232537786934564
321,85.0790786743164,c26a5_00223,TE2E (Conv),400,2,2,0.0018232537786934564
322,74.06260681152344,c26a5_00223,TE2E (Conv),400,2,2,0.0018232537786934564
323,84.87150573730469,c26a5_00223,TE2E (Conv),400,2,2,0.0018232537786934564
324,82.59308624267578,c26a5_00223,TE2E (Conv),400,2,2,0.0018232537786934564
325,84.66227722167969,c26a5_00223,TE2E (Conv),400,2,2,0.0018232537786934564
326,84.35749816894531,c26a5_00223,TE2E (Conv),400,2,2,0.0018232537786934564
327,83.5321273803711,c26a5_00223,TE2E (Conv),400,2,2,0.0018232537786934564
328,81.8797378540039,c26a5_00223,TE2E (Conv),400,2,2,0.0018232537786934564
329,84.39044952392578,c26a5_00223,TE2E (Conv),400,2,2,0.0018232537786934564
330,84.64086151123047,c26a5_00223,TE2E (Conv),400,2,2,0.0018232537786934564
331,84.5980224609375,c26a5_00223,TE2E (Conv),400,2,2,0.0018232537786934564
332,84.75123596191406,c26a5_00223,TE2E (Conv),400,2,2,0.0018232537786934564
333,84.53047943115234,c26a5_00223,TE2E (Conv),400,2,2,0.0018232537786934564
334,84.01483154296875,c26a5_00223,TE2E (Conv),400,2,2,0.0018232537786934564
335,85.22734832763672,c26a5_00223,TE2E (Conv),400,2,2,0.0018232537786934564
336,82.8962173461914,c26a5_00223,TE2E (Conv),400,2,2,0.0018232537786934564
337,85.49917602539062,c26a5_00223,TE2E (Conv),400,2,2,0.0018232537786934564
338,82.92586517333984,c26a5_00223,TE2E (Conv),400,2,2,0.0018232537786934564
339,85.01318359375,c26a5_00223,TE2E (Conv),400,2,2,0.0018232537786934564
340,84.18616485595703,c26a5_00223,TE2E (Conv),400,2,2,0.0018232537786934564
341,83.71994018554688,c26a5_00223,TE2E (Conv),400,2,2,0.0018232537786934564
342,83.019775390625,c26a5_00223,TE2E (Conv),400,2,2,0.0018232537786934564
343,85.51565551757812,c26a5_00223,TE2E (Conv),400,2,2,0.0018232537786934564
344,84.85337829589844,c26a5_00223,TE2E (Conv),400,2,2,0.0018232537786934564
345,83.75453186035156,c26a5_00223,TE2E (Conv),400,2,2,0.0018232537786934564
346,82.45304870605469,c26a5_00223,TE2E (Conv),400,2,2,0.0018232537786934564
347,81.34761047363281,c26a5_00223,TE2E (Conv),400,2,2,0.0018232537786934564
348,84.39704132080078,c26a5_00223,TE2E (Conv),400,2,2,0.0018232537786934564
349,85.0790786743164,c26a5_00223,TE2E (Conv),400,2,2,0.0018232537786934564
350,84.5453109741211,c26a5_00223,TE2E (Conv),400,2,2,0.0018232537786934564
351,81.36079406738281,c26a5_00223,TE2E (Conv),400,2,2,0.0018232537786934564
352,82.38385772705078,c26a5_00223,TE2E (Conv),400,2,2,0.0018232537786934564
353,82.5420150756836,c26a5_00223,TE2E (Conv),400,2,2,0.0018232537786934564
354,82.01318359375,c26a5_00223,TE2E (Conv),400,2,2,0.0018232537786934564
355,79.20263671875,c26a5_00223,TE2E (Conv),400,2,2,0.0018232537786934564
356,79.24711608886719,c26a5_00223,TE2E (Conv),400,2,2,0.0018232537786934564
357,81.72158813476562,c26a5_00223,TE2E (Conv),400,2,2,0.0018232537786934564
358,82.74794006347656,c26a5_00223,TE2E (Conv),400,2,2,0.0018232537786934564
359,82.6738052368164,c26a5_00223,TE2E (Conv),400,2,2,0.0018232537786934564
360,84.81878662109375,c26a5_00223,TE2E (Conv),400,2,2,0.0018232537786934564
361,84.98352813720703,c26a5_00223,TE2E (Conv),400,2,2,0.0018232537786934564
362,83.42504119873047,c26a5_00223,TE2E (Conv),400,2,2,0.0018232537786934564
363,85.25865173339844,c26a5_00223,TE2E (Conv),400,2,2,0.0018232537786934564
364,83.38056182861328,c26a5_00223,TE2E (Conv),400,2,2,0.0018232537786934564
365,84.08072662353516,c26a5_00223,TE2E (Conv),400,2,2,0.0018232537786934564
366,84.72158813476562,c26a5_00223,TE2E (Conv),400,2,2,0.0018232537786934564
367,85.17627716064453,c26a5_00223,TE2E (Conv),400,2,2,0.0018232537786934564
368,81.89950561523438,c26a5_00223,TE2E (Conv),400,2,2,0.0018232537786934564
369,83.64415740966797,c26a5_00223,TE2E (Conv),400,2,2,0.0018232537786934564
370,83.42010498046875,c26a5_00223,TE2E (Conv),400,2,2,0.0018232537786934564
371,81.54366302490234,c26a5_00223,TE2E (Conv),400,2,2,0.0018232537786934564
372,81.35749816894531,c26a5_00223,TE2E (Conv),400,2,2,0.0018232537786934564
373,84.86985778808594,c26a5_00223,TE2E (Conv),400,2,2,0.0018232537786934564
374,84.05766296386719,c26a5_00223,TE2E (Conv),400,2,2,0.0018232537786934564
375,82.88138580322266,c26a5_00223,TE2E (Conv),400,2,2,0.0018232537786934564
376,84.51895141601562,c26a5_00223,TE2E (Conv),400,2,2,0.0018232537786934564
377,85.04119110107422,c26a5_00223,TE2E (Conv),400,2,2,0.0018232537786934564
378,83.7413558959961,c26a5_00223,TE2E (Conv),400,2,2,0.0018232537786934564
379,84.11203002929688,c26a5_00223,TE2E (Conv),400,2,2,0.0018232537786934564
380,83.97858428955078,c26a5_00223,TE2E (Conv),400,2,2,0.0018232537786934564
381,84.19440460205078,c26a5_00223,TE2E (Conv),400,2,2,0.0018232537786934564
382,84.60296630859375,c26a5_00223,TE2E (Conv),400,2,2,0.0018232537786934564
383,80.91433715820312,c26a5_00223,TE2E (Conv),400,2,2,0.0018232537786934564
384,80.84678649902344,c26a5_00223,TE2E (Conv),400,2,2,0.0018232537786934564
385,82.87808990478516,c26a5_00223,TE2E (Conv),400,2,2,0.0018232537786934564
386,84.60955810546875,c26a5_00223,TE2E (Conv),400,2,2,0.0018232537786934564
387,84.46788024902344,c26a5_00223,TE2E (Conv),400,2,2,0.0018232537786934564
388,84.90609741210938,c26a5_00223,TE2E (Conv),400,2,2,0.0018232537786934564
389,84.80230712890625,c26a5_00223,TE2E (Conv),400,2,2,0.0018232537786934564
390,83.60955810546875,c26a5_00223,TE2E (Conv),400,2,2,0.0018232537786934564
391,81.70840454101562,c26a5_00223,TE2E (Conv),400,2,2,0.0018232537786934564
392,84.9439926147461,c26a5_00223,TE2E (Conv),400,2,2,0.0018232537786934564
393,83.97858428955078,c26a5_00223,TE2E (Conv),400,2,2,0.0018232537786934564
394,84.16804504394531,c26a5_00223,TE2E (Conv),400,2,2,0.0018232537786934564
395,84.80230712890625,c26a5_00223,TE2E (Conv),400,2,2,0.0018232537786934564
396,83.42833709716797,c26a5_00223,TE2E (Conv),400,2,2,0.0018232537786934564
397,74.77101135253906,c26a5_00223,TE2E (Conv),400,2,2,0.0018232537786934564
398,83.26853942871094,c26a5_00223,TE2E (Conv),400,2,2,0.0018232537786934564
399,84.79901123046875,c26a5_00223,TE2E (Conv),400,2,2,0.0018232537786934564
400,82.64250946044922,c26a5_00223,TE2E (Conv),400,2,2,0.0018232537786934564
401,84.51235961914062,c26a5_00223,TE2E (Conv),400,2,2,0.0018232537786934564
402,82.78913116455078,c26a5_00223,TE2E (Conv),400,2,2,0.0018232537786934564
403,83.19275665283203,c26a5_00223,TE2E (Conv),400,2,2,0.0018232537786934564
404,83.5288314819336,c26a5_00223,TE2E (Conv),400,2,2,0.0018232537786934564
405,84.46128845214844,c26a5_00223,TE2E (Conv),400,2,2,0.0018232537786934564
406,83.56837463378906,c26a5_00223,TE2E (Conv),400,2,2,0.0018232537786934564
407,82.42339324951172,c26a5_00223,TE2E (Conv),400,2,2,0.0018232537786934564
408,83.2916030883789,c26a5_00223,TE2E (Conv),400,2,2,0.0018232537786934564
409,84.2191162109375,c26a5_00223,TE2E (Conv),400,2,2,0.0018232537786934564
410,84.2883071899414,c26a5_00223,TE2E (Conv),400,2,2,0.0018232537786934564
411,83.7281723022461,c26a5_00223,TE2E (Conv),400,2,2,0.0018232537786934564
412,83.80230712890625,c26a5_00223,TE2E (Conv),400,2,2,0.0018232537786934564
413,84.37726593017578,c26a5_00223,TE2E (Conv),400,2,2,0.0018232537786934564
414,81.79407501220703,c26a5_00223,TE2E (Conv),400,2,2,0.0018232537786934564
415,81.17134094238281,c26a5_00223,TE2E (Conv),400,2,2,0.0018232537786934564
416,84.36408996582031,c26a5_00223,TE2E (Conv),400,2,2,0.0018232537786934564
417,81.31466674804688,c26a5_00223,TE2E (Conv),400,2,2,0.0018232537786934564
418,78.45634460449219,c26a5_00223,TE2E (Conv),400,2,2,0.0018232537786934564
419,85.19275665283203,c26a5_00223,TE2E (Conv),400,2,2,0.0018232537786934564
420,83.22405242919922,c26a5_00223,TE2E (Conv),400,2,2,0.0018232537786934564
421,84.37726593017578,c26a5_00223,TE2E (Conv),400,2,2,0.0018232537786934564
422,84.7380599975586,c26a5_00223,TE2E (Conv),400,2,2,0.0018232537786934564
423,83.11367797851562,c26a5_00223,TE2E (Conv),400,2,2,0.0018232537786934564
424,84.6177978515625,c26a5_00223,TE2E (Conv),400,2,2,0.0018232537786934564
425,84.71334838867188,c26a5_00223,TE2E (Conv),400,2,2,0.0018232537786934564
426,85.03789520263672,c26a5_00223,TE2E (Conv),400,2,2,0.0018232537786934564
427,83.30313110351562,c26a5_00223,TE2E (Conv),400,2,2,0.0018232537786934564
428,84.39539337158203,c26a5_00223,TE2E (Conv),400,2,2,0.0018232537786934564
429,83.45799255371094,c26a5_00223,TE2E (Conv),400,2,2,0.0018232537786934564
430,83.61944580078125,c26a5_00223,TE2E (Conv),400,2,2,0.0018232537786934564
431,85.20098876953125,c26a5_00223,TE2E (Conv),400,2,2,0.0018232537786934564
432,85.60626220703125,c26a5_00223,TE2E (Conv),400,2,2,0.0018232537786934564
433,83.31631469726562,c26a5_00223,TE2E (Conv),400,2,2,0.0018232537786934564
434,84.05601501464844,c26a5_00223,TE2E (Conv),400,2,2,0.0018232537786934564
435,83.81219482421875,c26a5_00223,TE2E (Conv),400,2,2,0.0018232537786934564
436,84.66227722167969,c26a5_00223,TE2E (Conv),400,2,2,0.0018232537786934564
437,81.71005249023438,c26a5_00223,TE2E (Conv),400,2,2,0.0018232537786934564
438,84.87479400634766,c26a5_00223,TE2E (Conv),400,2,2,0.0018232537786934564
439,82.36079406738281,c26a5_00223,TE2E (Conv),400,2,2,0.0018232537786934564
440,83.24547576904297,c26a5_00233,TE2E (Conv),800,2,2,0.003646507557386913
441,84.25370788574219,c26a5_00233,TE2E (Conv),800,2,2,0.003646507557386913
442,83.34761047363281,c26a5_00233,TE2E (Conv),800,2,2,0.003646507557386913
443,84.27018737792969,c26a5_00233,TE2E (Conv),800,2,2,0.003646507557386913
444,83.79736328125,c26a5_00233,TE2E (Conv),800,2,2,0.003646507557386913
445,84.08402252197266,c26a5_00233,TE2E (Conv),800,2,2,0.003646507557386913
446,84.93245697021484,c26a5_00233,TE2E (Conv),800,2,2,0.003646507557386913
447,85.3459701538086,c26a5_00233,TE2E (Conv),800,2,2,0.003646507557386913
448,84.49588775634766,c26a5_00233,TE2E (Conv),800,2,2,0.003646507557386913
449,84.86491394042969,c26a5_00233,TE2E (Conv),800,2,2,0.003646507557386913
450,83.70181274414062,c26a5_00233,TE2E (Conv),800,2,2,0.003646507557386913
451,84.78748321533203,c26a5_00233,TE2E (Conv),800,2,2,0.003646507557386913
452,86.19110870361328,c26a5_00233,TE2E (Conv),800,2,2,0.003646507557386913
453,86.10543823242188,c26a5_00233,TE2E (Conv),800,2,2,0.003646507557386913
454,85.95881652832031,c26a5_00233,TE2E (Conv),800,2,2,0.003646507557386913
455,85.94234466552734,c26a5_00233,TE2E (Conv),800,2,2,0.003646507557386913
456,85.44316864013672,c26a5_00233,TE2E (Conv),800,2,2,0.003646507557386913
457,85.83690643310547,c26a5_00233,TE2E (Conv),800,2,2,0.003646507557386913
458,84.614501953125,c26a5_00233,TE2E (Conv),800,2,2,0.003646507557386913
459,81.28006744384766,c26a5_00233,TE2E (Conv),800,2,2,0.003646507557386913
460,85.70675659179688,c26a5_00233,TE2E (Conv),800,2,2,0.003646507557386913
461,84.58155059814453,c26a5_00233,TE2E (Conv),800,2,2,0.003646507557386913
462,85.5980224609375,c26a5_00233,TE2E (Conv),800,2,2,0.003646507557386913
463,84.78913116455078,c26a5_00233,TE2E (Conv),800,2,2,0.003646507557386913
464,79.66722106933594,c26a5_00233,TE2E (Conv),800,2,2,0.003646507557386913
465,81.2059326171875,c26a5_00233,TE2E (Conv),800,2,2,0.003646507557386913
466,78.02306365966797,c26a5_00233,TE2E (Conv),800,2,2,0.003646507557386913
467,79.98517608642578,c26a5_00233,TE2E (Conv),800,2,2,0.003646507557386913
468,81.13509368896484,c26a5_00233,TE2E (Conv),800,2,2,0.003646507557386913
469,85.78748321533203,c26a5_00233,TE2E (Conv),800,2,2,0.003646507557386913
470,83.44481658935547,c26a5_00233,TE2E (Conv),800,2,2,0.003646507557386913
471,84.78583526611328,c26a5_00233,TE2E (Conv),800,2,2,0.003646507557386913
472,84.16639709472656,c26a5_00233,TE2E (Conv),800,2,2,0.003646507557386913
473,79.7314682006836,c26a5_00233,TE2E (Conv),800,2,2,0.003646507557386913
474,84.47940826416016,c26a5_00233,TE2E (Conv),800,2,2,0.003646507557386913
475,81.65568542480469,c26a5_00233,TE2E (Conv),800,2,2,0.003646507557386913
476,79.3228988647461,c26a5_00233,TE2E (Conv),800,2,2,0.003646507557386913
477,83.3393783569336,c26a5_00233,TE2E (Conv),800,2,2,0.003646507557386913
478,78.30477905273438,c26a5_00233,TE2E (Conv),800,2,2,0.003646507557386913
479,79.26689147949219,c26a5_00233,TE2E (Conv),800,2,2,0.003646507557386913
480,80.3543930053711,c26a5_00295,TE2E (Conv),400,0,3,0.0018232537786934564
481,81.19930267333984,c26a5_00295,TE2E (Conv),400,0,3,0.0018232537786934564
482,79.77286529541016,c26a5_00295,TE2E (Conv),400,0,3,0.0018232537786934564
483,82.50352478027344,c26a5_00295,TE2E (Conv),400,0,3,0.0018232537786934564
484,80.93803405761719,c26a5_00295,TE2E (Conv),400,0,3,0.0018232537786934564
485,81.67548370361328,c26a5_00295,TE2E (Conv),400,0,3,0.0018232537786934564
486,82.52670288085938,c26a5_00295,TE2E (Conv),400,0,3,0.0018232537786934564
487,82.57938385009766,c26a5_00295,TE2E (Conv),400,0,3,0.0018232537786934564
488,82.52880859375,c26a5_00295,TE2E (Conv),400,0,3,0.0018232537786934564
489,82.85750579833984,c26a5_00295,TE2E (Conv),400,0,3,0.0018232537786934564
490,83.03449249267578,c26a5_00295,TE2E (Conv),400,0,3,0.0018232537786934564
491,82.6805191040039,c26a5_00295,TE2E (Conv),400,0,3,0.0018232537786934564
492,82.7163314819336,c26a5_00295,TE2E (Conv),400,0,3,0.0018232537786934564
493,82.08844757080078,c26a5_00295,TE2E (Conv),400,0,3,0.0018232537786934564
494,83.20304870605469,c26a5_00295,TE2E (Conv),400,0,3,0.0018232537786934564
495,82.31389617919922,c26a5_00295,TE2E (Conv),400,0,3,0.0018232537786934564
496,83.10401916503906,c26a5_00295,TE2E (Conv),400,0,3,0.0018232537786934564
497,82.30547332763672,c26a5_00295,TE2E (Conv),400,0,3,0.0018232537786934564
498,82.89753723144531,c26a5_00295,TE2E (Conv),400,0,3,0.0018232537786934564
499,82.30125427246094,c26a5_00295,TE2E (Conv),400,0,3,0.0018232537786934564
500,82.89753723144531,c26a5_00295,TE2E (Conv),400,0,3,0.0018232537786934564
501,82.1579818725586,c26a5_00295,TE2E (Conv),400,0,3,0.0018232537786934564
502,83.07241821289062,c26a5_00295,TE2E (Conv),400,0,3,0.0018232537786934564
503,82.66365814208984,c26a5_00295,TE2E (Conv),400,0,3,0.0018232537786934564
504,82.95021057128906,c26a5_00295,TE2E (Conv),400,0,3,0.0018232537786934564
505,83.15669250488281,c26a5_00295,TE2E (Conv),400,0,3,0.0018232537786934564
506,83.2093734741211,c26a5_00295,TE2E (Conv),400,0,3,0.0018232537786934564
507,83.43692779541016,c26a5_00295,TE2E (Conv),400,0,3,0.0018232537786934564
508,78.63719940185547,c26a5_00295,TE2E (Conv),400,0,3,0.0018232537786934564
509,81.35100555419922,c26a5_00295,TE2E (Conv),400,0,3,0.0018232537786934564
510,78.43281555175781,c26a5_00295,TE2E (Conv),400,0,3,0.0018232537786934564
511,75.04055786132812,c26a5_00295,TE2E (Conv),400,0,3,0.0018232537786934564
512,82.14112854003906,c26a5_00295,TE2E (Conv),400,0,3,0.0018232537786934564
513,83.3842544555664,c26a5_00295,TE2E (Conv),400,0,3,0.0018232537786934564
514,81.84825134277344,c26a5_00295,TE2E (Conv),400,0,3,0.0018232537786934564
515,83.6139144897461,c26a5_00295,TE2E (Conv),400,0,3,0.0018232537786934564
516,80.62830352783203,c26a5_00295,TE2E (Conv),400,0,3,0.0018232537786934564
517,82.44031524658203,c26a5_00295,TE2E (Conv),400,0,3,0.0018232537786934564
518,81.47109985351562,c26a5_00295,TE2E (Conv),400,0,3,0.0018232537786934564
519,80.07205963134766,c26a5_00295,TE2E (Conv),400,0,3,0.0018232537786934564
520,83.60210418701172,c26a5_00278,TCL (Conv),600,1,0,0.0027348806680401847
521,81.03807067871094,c26a5_00278,TCL (Conv),600,1,0,0.0027348806680401847
522,83.07683563232422,c26a5_00278,TCL (Conv),600,1,0,0.0027348806680401847
523,80.29476928710938,c26a5_00278,TCL (Conv),600,1,0,0.0027348806680401847
524,81.35096740722656,c26a5_00278,TCL (Conv),600,1,0,0.0027348806680401847
525,83.90367126464844,c26a5_00278,TCL (Conv),600,1,0,0.0027348806680401847
526,80.89224243164062,c26a5_00278,TCL (Conv),600,1,0,0.0027348806680401847
527,84.66395568847656,c26a5_00278,TCL (Conv),600,1,0,0.0027348806680401847
528,86.03446197509766,c26a5_00278,TCL (Conv),600,1,0,0.0027348806680401847
529,84.8027114868164,c26a5_00278,TCL (Conv),600,1,0,0.0027348806680401847
530,83.33168029785156,c26a5_00278,TCL (Conv),600,1,0,0.0027348806680401847
531,81.9583511352539,c26a5_00278,TCL (Conv),600,1,0,0.0027348806680401847
532,85.05755615234375,c26a5_00278,TCL (Conv),600,1,0,0.0027348806680401847
533,84.66112518310547,c26a5_00278,TCL (Conv),600,1,0,0.0027348806680401847
534,76.19883728027344,c26a5_00278,TCL (Conv),600,1,0,0.0027348806680401847
535,84.23355102539062,c26a5_00278,TCL (Conv),600,1,0,0.0027348806680401847
536,84.79280090332031,c26a5_00278,TCL (Conv),600,1,0,0.0027348806680401847
537,80.81295776367188,c26a5_00278,TCL (Conv),600,1,0,0.0027348806680401847
538,83.35575103759766,c26a5_00278,TCL (Conv),600,1,0,0.0027348806680401847
539,85.69750213623047,c26a5_00278,TCL (Conv),600,1,0,0.0027348806680401847
540,86.03588104248047,c26a5_00278,TCL (Conv),600,1,0,0.0027348806680401847
541,85.83908081054688,c26a5_00278,TCL (Conv),600,1,0,0.0027348806680401847
542,82.89278411865234,c26a5_00278,TCL (Conv),600,1,0,0.0027348806680401847
543,83.70404052734375,c26a5_00278,TCL (Conv),600,1,0,0.0027348806680401847
544,83.40389251708984,c26a5_00278,TCL (Conv),600,1,0,0.0027348806680401847
545,81.76296997070312,c26a5_00278,TCL (Conv),600,1,0,0.0027348806680401847
546,83.28495788574219,c26a5_00278,TCL (Conv),600,1,0,0.0027348806680401847
547,81.4330825805664,c26a5_00278,TCL (Conv),600,1,0,0.0027348806680401847
548,82.8205795288086,c26a5_00278,TCL (Conv),600,1,0,0.0027348806680401847
549,83.28071594238281,c26a5_00278,TCL (Conv),600,1,0,0.0027348806680401847
550,78.16964721679688,c26a5_00278,TCL (Conv),600,1,0,0.0027348806680401847
551,76.0685806274414,c26a5_00278,TCL (Conv),600,1,0,0.0027348806680401847
552,83.26513671875,c26a5_00278,TCL (Conv),600,1,0,0.0027348806680401847
553,85.03490447998047,c26a5_00278,TCL (Conv),600,1,0,0.0027348806680401847
554,84.83527374267578,c26a5_00278,TCL (Conv),600,1,0,0.0027348806680401847
555,80.23106384277344,c26a5_00278,TCL (Conv),600,1,0,0.0027348806680401847
556,82.83615112304688,c26a5_00278,TCL (Conv),600,1,0,0.0027348806680401847
557,85.15666198730469,c26a5_00278,TCL (Conv),600,1,0,0.0027348806680401847
558,83.71112060546875,c26a5_00278,TCL (Conv),600,1,0,0.0027348806680401847
559,82.07727813720703,c26a5_00278,TCL (Conv),600,1,0,0.0027348806680401847
560,83.09648895263672,c26a5_00059,TE2E (Conv),800,0,4,0.003646507557386913
561,83.35700988769531,c26a5_00059,TE2E (Conv),800,0,4,0.003646507557386913
562,81.66869354248047,c26a5_00059,TE2E (Conv),800,0,4,0.003646507557386913
563,84.1554946899414,c26a5_00059,TE2E (Conv),800,0,4,0.003646507557386913
564,81.62132263183594,c26a5_00059,TE2E (Conv),800,0,4,0.003646507557386913
565,81.80064392089844,c26a5_00059,TE2E (Conv),800,0,4,0.003646507557386913
566,77.68303680419922,c26a5_00059,TE2E (Conv),800,0,4,0.003646507557386913
567,84.08444213867188,c26a5_00059,TE2E (Conv),800,0,4,0.003646507557386913
568,82.1119155883789,c26a5_00059,TE2E (Conv),800,0,4,0.003646507557386913
569,84.89984893798828,c26a5_00059,TE2E (Conv),800,0,4,0.003646507557386913
570,83.58031463623047,c26a5_00059,TE2E (Conv),800,0,4,0.003646507557386913
571,83.67505645751953,c26a5_00059,TE2E (Conv),800,0,4,0.003646507557386913
572,78.5390396118164,c26a5_00059,TE2E (Conv),800,0,4,0.003646507557386913
573,79.73338317871094,c26a5_00059,TE2E (Conv),800,0,4,0.003646507557386913
574,84.4024887084961,c26a5_00059,TE2E (Conv),800,0,4,0.003646507557386913
575,84.43970489501953,c26a5_00059,TE2E (Conv),800,0,4,0.003646507557386913
576,81.30667114257812,c26a5_00059,TE2E (Conv),800,0,4,0.003646507557386913
577,84.22654724121094,c26a5_00059,TE2E (Conv),800,0,4,0.003646507557386913
578,85.06901550292969,c26a5_00059,TE2E (Conv),800,0,4,0.003646507557386913
579,84.34158325195312,c26a5_00059,TE2E (Conv),800,0,4,0.003646507557386913
580,84.19271850585938,c26a5_00059,TE2E (Conv),800,0,4,0.003646507557386913
581,83.28257751464844,c26a5_00059,TE2E (Conv),800,0,4,0.003646507557386913
582,82.03748321533203,c26a5_00059,TE2E (Conv),800,0,4,0.003646507557386913
583,84.31451416015625,c26a5_00059,TE2E (Conv),800,0,4,0.003646507557386913
584,81.16117858886719,c26a5_00059,TE2E (Conv),800,0,4,0.003646507557386913
585,82.6498794555664,c26a5_00059,TE2E (Conv),800,0,4,0.003646507557386913
586,84.46338653564453,c26a5_00059,TE2E (Conv),800,0,4,0.003646507557386913
587,85.4107437133789,c26a5_00059,TE2E (Conv),800,0,4,0.003646507557386913
588,84.64270782470703,c26a5_00059,TE2E (Conv),800,0,4,0.003646507557386913
589,84.62579345703125,c26a5_00059,TE2E (Conv),800,0,4,0.003646507557386913
590,70.39517974853516,c26a5_00059,TE2E (Conv),800,0,4,0.003646507557386913
591,84.73067474365234,c26a5_00059,TE2E (Conv),800,0,4,0.003646507557386913
592,77.24319458007812,c26a5_00059,TE2E (Conv),800,0,4,0.003646507557386913
593,80.67058563232422,c26a5_00059,TE2E (Conv),800,0,4,0.003646507557386913
594,80.90404510498047,c26a5_00059,TE2E (Conv),800,0,4,0.003646507557386913
595,85.29232025146484,c26a5_00059,TE2E (Conv),800,0,4,0.003646507557386913
596,84.40925598144531,c26a5_00059,TE2E (Conv),800,0,4,0.003646507557386913
597,80.5589370727539,c26a5_00059,TE2E (Conv),800,0,4,0.003646507557386913
598,83.84422302246094,c26a5_00059,TE2E (Conv),800,0,4,0.003646507557386913
599,83.54309844970703,c26a5_00059,TE2E (Conv),800,0,4,0.003646507557386913
600,82.96453857421875,c26a5_00059,TE2E (Conv),800,0,4,0.003646507557386913
601,81.81756591796875,c26a5_00059,TE2E (Conv),800,0,4,0.003646507557386913
602,81.42847442626953,c26a5_00059,TE2E (Conv),800,0,4,0.003646507557386913
603,84.28406524658203,c26a5_00059,TE2E (Conv),800,0,4,0.003646507557386913
604,84.62579345703125,c26a5_00059,TE2E (Conv),800,0,4,0.003646507557386913
605,84.30774688720703,c26a5_00059,TE2E (Conv),800,0,4,0.003646507557386913
606,82.67018127441406,c26a5_00059,TE2E (Conv),800,0,4,0.003646507557386913
607,81.90553283691406,c26a5_00059,TE2E (Conv),800,0,4,0.003646507557386913
608,83.78670501708984,c26a5_00059,TE2E (Conv),800,0,4,0.003646507557386913
609,84.47354125976562,c26a5_00059,TE2E (Conv),800,0,4,0.003646507557386913
610,84.43293762207031,c26a5_00059,TE2E (Conv),800,0,4,0.003646507557386913
611,83.28934478759766,c26a5_00059,TE2E (Conv),800,0,4,0.003646507557386913
612,84.94721221923828,c26a5_00059,TE2E (Conv),800,0,4,0.003646507557386913
613,80.29841613769531,c26a5_00059,TE2E (Conv),800,0,4,0.003646507557386913
614,84.6934585571289,c26a5_00059,TE2E (Conv),800,0,4,0.003646507557386913
615,84.63256072998047,c26a5_00059,TE2E (Conv),800,0,4,0.003646507557386913
616,82.16267395019531,c26a5_00059,TE2E (Conv),800,0,4,0.003646507557386913
617,80.95817565917969,c26a5_00059,TE2E (Conv),800,0,4,0.003646507557386913
618,84.14534759521484,c26a5_00059,TE2E (Conv),800,0,4,0.003646507557386913
619,81.787109375,c26a5_00059,TE2E (Conv),800,0,4,0.003646507557386913
620,83.66828918457031,c26a5_00059,TE2E (Conv),800,0,4,0.003646507557386913
621,83.83407592773438,c26a5_00059,TE2E (Conv),800,0,4,0.003646507557386913
622,83.0897216796875,c26a5_00059,TE2E (Conv),800,0,4,0.003646507557386913
623,83.85437774658203,c26a5_00059,TE2E (Conv),800,0,4,0.003646507557386913
624,82.29462432861328,c26a5_00059,TE2E (Conv),800,0,4,0.003646507557386913
625,77.69995880126953,c26a5_00059,TE2E (Conv),800,0,4,0.003646507557386913
626,83.28596496582031,c26a5_00059,TE2E (Conv),800,0,4,0.003646507557386913
627,84.24008178710938,c26a5_00059,TE2E (Conv),800,0,4,0.003646507557386913
628,80.34916687011719,c26a5_00059,TE2E (Conv),800,0,4,0.003646507557386913
629,84.18256378173828,c26a5_00059,TE2E (Conv),800,0,4,0.003646507557386913
630,83.2216796875,c26a5_00059,TE2E (Conv),800,0,4,0.003646507557386913
631,82.98822021484375,c26a5_00059,TE2E (Conv),800,0,4,0.003646507557386913
632,82.90702056884766,c26a5_00059,TE2E (Conv),800,0,4,0.003646507557386913
633,81.28636932373047,c26a5_00059,TE2E (Conv),800,0,4,0.003646507557386913
634,84.08444213867188,c26a5_00059,TE2E (Conv),800,0,4,0.003646507557386913
635,82.4468765258789,c26a5_00059,TE2E (Conv),800,0,4,0.003646507557386913
636,81.56380462646484,c26a5_00059,TE2E (Conv),800,0,4,0.003646507557386913
637,84.86263275146484,c26a5_00059,TE2E (Conv),800,0,4,0.003646507557386913
638,81.36080169677734,c26a5_00059,TE2E (Conv),800,0,4,0.003646507557386913
639,81.69576263427734,c26a5_00059,TE2E (Conv),800,0,4,0.003646507557386913
640,81.27960205078125,c26a5_00059,TE2E (Conv),800,0,4,0.003646507557386913
641,83.5701675415039,c26a5_00059,TE2E (Conv),800,0,4,0.003646507557386913
642,83.5938491821289,c26a5_00059,TE2E (Conv),800,0,4,0.003646507557386913
643,83.38407897949219,c26a5_00059,TE2E (Conv),800,0,4,0.003646507557386913
644,83.15739440917969,c26a5_00059,TE2E (Conv),800,0,4,0.003646507557386913
645,80.1766128540039,c26a5_00059,TE2E (Conv),800,0,4,0.003646507557386913
646,82.098388671875,c26a5_00059,TE2E (Conv),800,0,4,0.003646507557386913
647,83.05589294433594,c26a5_00059,TE2E (Conv),800,0,4,0.003646507557386913
648,81.29651641845703,c26a5_00059,TE2E (Conv),800,0,4,0.003646507557386913
649,83.67166900634766,c26a5_00059,TE2E (Conv),800,0,4,0.003646507557386913
650,82.24048614501953,c26a5_00059,TE2E (Conv),800,0,4,0.003646507557386913
651,84.08444213867188,c26a5_00059,TE2E (Conv),800,0,4,0.003646507557386913
652,82.6735610961914,c26a5_00059,TE2E (Conv),800,0,4,0.003646507557386913
653,81.53335571289062,c26a5_00059,TE2E (Conv),800,0,4,0.003646507557386913
654,82.27770233154297,c26a5_00059,TE2E (Conv),800,0,4,0.003646507557386913
655,82.99837493896484,c26a5_00059,TE2E (Conv),800,0,4,0.003646507557386913
656,83.07957458496094,c26a5_00059,TE2E (Conv),800,0,4,0.003646507557386913
657,83.0423583984375,c26a5_00059,TE2E (Conv),800,0,4,0.003646507557386913
658,83.18445587158203,c26a5_00059,TE2E (Conv),800,0,4,0.003646507557386913
659,84.30098724365234,c26a5_00059,TE2E (Conv),800,0,4,0.003646507557386913
660,83.72918701171875,c26a5_00059,TE2E (Conv),800,0,4,0.003646507557386913
661,83.23182678222656,c26a5_00059,TE2E (Conv),800,0,4,0.003646507557386913
662,84.14196014404297,c26a5_00059,TE2E (Conv),800,0,4,0.003646507557386913
663,78.78602600097656,c26a5_00059,TE2E (Conv),800,0,4,0.003646507557386913
664,83.45513153076172,c26a5_00059,TE2E (Conv),800,0,4,0.003646507557386913
665,81.046142578125,c26a5_00059,TE2E (Conv),800,0,4,0.003646507557386913
666,84.32128143310547,c26a5_00059,TE2E (Conv),800,0,4,0.003646507557386913
667,83.9051284790039,c26a5_00059,TE2E (Conv),800,0,4,0.003646507557386913
668,82.61604309082031,c26a5_00059,TE2E (Conv),800,0,4,0.003646507557386913
669,83.4822006225586,c26a5_00059,TE2E (Conv),800,0,4,0.003646507557386913
670,84.02354431152344,c26a5_00059,TE2E (Conv),800,0,4,0.003646507557386913
671,84.6291732788086,c26a5_00059,TE2E (Conv),800,0,4,0.003646507557386913
672,83.19461059570312,c26a5_00059,TE2E (Conv),800,0,4,0.003646507557386913
673,83.83407592773438,c26a5_00059,TE2E (Conv),800,0,4,0.003646507557386913
674,82.59912872314453,c26a5_00059,TE2E (Conv),800,0,4,0.003646507557386913
675,83.7731704711914,c26a5_00059,TE2E (Conv),800,0,4,0.003646507557386913
676,83.0322036743164,c26a5_00059,TE2E (Conv),800,0,4,0.003646507557386913
677,83.11679077148438,c26a5_00059,TE2E (Conv),800,0,4,0.003646507557386913
678,84.09797668457031,c26a5_00059,TE2E (Conv),800,0,4,0.003646507557386913
679,83.95925903320312,c26a5_00059,TE2E (Conv),800,0,4,0.003646507557386913
680,81.53335571289062,c26a5_00059,TE2E (Conv),800,0,4,0.003646507557386913
681,83.76302337646484,c26a5_00059,TE2E (Conv),800,0,4,0.003646507557386913
682,82.3250732421875,c26a5_00059,TE2E (Conv),800,0,4,0.003646507557386913
683,81.2593002319336,c26a5_00059,TE2E (Conv),800,0,4,0.003646507557386913
684,80.5826187133789,c26a5_00059,TE2E (Conv),800,0,4,0.003646507557386913
685,81.13411712646484,c26a5_00059,TE2E (Conv),800,0,4,0.003646507557386913
686,83.35700988769531,c26a5_00059,TE2E (Conv),800,0,4,0.003646507557386913
687,84.28068542480469,c26a5_00059,TE2E (Conv),800,0,4,0.003646507557386913
688,81.62132263183594,c26a5_00059,TE2E (Conv),800,0,4,0.003646507557386913
689,80.46758270263672,c26a5_00059,TE2E (Conv),800,0,4,0.003646507557386913
690,83.55663299560547,c26a5_00059,TE2E (Conv),800,0,4,0.003646507557386913
691,81.62808990478516,c26a5_00059,TE2E (Conv),800,0,4,0.003646507557386913
692,82.74461364746094,c26a5_00059,TE2E (Conv),800,0,4,0.003646507557386913
693,82.23371887207031,c26a5_00059,TE2E (Conv),800,0,4,0.003646507557386913
694,83.61077117919922,c26a5_00059,TE2E (Conv),800,0,4,0.003646507557386913
695,83.51603698730469,c26a5_00059,TE2E (Conv),800,0,4,0.003646507557386913
696,83.35363006591797,c26a5_00059,TE2E (Conv),800,0,4,0.003646507557386913
697,80.95817565917969,c26a5_00059,TE2E (Conv),800,0,4,0.003646507557386913
698,82.70063018798828,c26a5_00059,TE2E (Conv),800,0,4,0.003646507557386913
699,82.36567687988281,c26a5_00059,TE2E (Conv),800,0,4,0.003646507557386913
700,84.31790161132812,c26a5_00059,TE2E (Conv),800,0,4,0.003646507557386913
701,83.37054443359375,c26a5_00059,TE2E (Conv),800,0,4,0.003646507557386913
702,82.00364685058594,c26a5_00059,TE2E (Conv),800,0,4,0.003646507557386913
703,83.0660400390625,c26a5_00059,TE2E (Conv),800,0,4,0.003646507557386913
704,81.93260192871094,c26a5_00059,TE2E (Conv),800,0,4,0.003646507557386913
705,83.83407592773438,c26a5_00059,TE2E (Conv),800,0,4,0.003646507557386913
706,83.11679077148438,c26a5_00059,TE2E (Conv),800,0,4,0.003646507557386913
707,84.24346923828125,c26a5_00059,TE2E (Conv),800,0,4,0.003646507557386913
708,83.23521423339844,c26a5_00059,TE2E (Conv),800,0,4,0.003646507557386913
709,84.37879943847656,c26a5_00059,TE2E (Conv),800,0,4,0.003646507557386913
710,84.24008178710938,c26a5_00059,TE2E (Conv),800,0,4,0.003646507557386913
711,83.48896789550781,c26a5_00059,TE2E (Conv),800,0,4,0.003646507557386913
712,83.68858337402344,c26a5_00059,TE2E (Conv),800,0,4,0.003646507557386913
713,82.73784637451172,c26a5_00059,TE2E (Conv),800,0,4,0.003646507557386913
714,84.0912094116211,c26a5_00059,TE2E (Conv),800,0,4,0.003646507557386913
715,83.93895721435547,c26a5_00059,TE2E (Conv),800,0,4,0.003646507557386913
716,83.96602630615234,c26a5_00059,TE2E (Conv),800,0,4,0.003646507557386913
717,81.41831970214844,c26a5_00059,TE2E (Conv),800,0,4,0.003646507557386913
718,84.010009765625,c26a5_00059,TE2E (Conv),800,0,4,0.003646507557386913
719,83.12693786621094,c26a5_00059,TE2E (Conv),800,0,4,0.003646507557386913
720,77.03699493408203,c26a5_00067,TE2E (Conv),400,1,0,0.0018232537786934564
721,73.11945343017578,c26a5_00067,TE2E (Conv),400,1,0,0.0018232537786934564
722,83.7790756225586,c26a5_00067,TE2E (Conv),400,1,0,0.0018232537786934564
723,82.79084777832031,c26a5_00067,TE2E (Conv),400,1,0,0.0018232537786934564
724,84.51671600341797,c26a5_00067,TE2E (Conv),400,1,0,0.0018232537786934564
725,84.01976776123047,c26a5_00067,TE2E (Conv),400,1,0,0.0018232537786934564
726,84.75315856933594,c26a5_00067,TE2E (Conv),400,1,0,0.0018232537786934564
727,83.68421936035156,c26a5_00067,TE2E (Conv),400,1,0,0.0018232537786934564
728,84.17975616455078,c26a5_00067,TE2E (Conv),400,1,0,0.0018232537786934564
729,83.88668060302734,c26a5_00067,TE2E (Conv),400,1,0,0.0018232537786934564
730,84.22505950927734,c26a5_00067,TE2E (Conv),400,1,0,0.0018232537786934564
731,81.93852996826172,c26a5_00067,TE2E (Conv),400,1,0,0.0018232537786934564
732,83.53981018066406,c26a5_00067,TE2E (Conv),400,1,0,0.0018232537786934564
733,84.2986831665039,c26a5_00067,TE2E (Conv),400,1,0,0.0018232537786934564
734,82.16647338867188,c26a5_00067,TE2E (Conv),400,1,0,0.0018232537786934564
735,84.82819366455078,c26a5_00067,TE2E (Conv),400,1,0,0.0018232537786934564
736,84.23213958740234,c26a5_00067,TE2E (Conv),400,1,0,0.0018232537786934564
737,85.78386688232422,c26a5_00067,TE2E (Conv),400,1,0,0.0018232537786934564
738,85.07170867919922,c26a5_00067,TE2E (Conv),400,1,0,0.0018232537786934564
739,81.4500732421875,c26a5_00067,TE2E (Conv),400,1,0,0.0018232537786934564
740,84.03108978271484,c26a5_00067,TE2E (Conv),400,1,0,0.0018232537786934564
741,85.10710906982422,c26a5_00067,TE2E (Conv),400,1,0,0.0018232537786934564
742,84.43177032470703,c26a5_00067,TE2E (Conv),400,1,0,0.0018232537786934564
743,83.19860076904297,c26a5_00067,TE2E (Conv),400,1,0,0.0018232537786934564
744,81.90171813964844,c26a5_00067,TE2E (Conv),400,1,0,0.0018232537786934564
745,84.1117935180664,c26a5_00067,TE2E (Conv),400,1,0,0.0018232537786934564
746,81.9356918334961,c26a5_00067,TE2E (Conv),400,1,0,0.0018232537786934564
747,83.963134765625,c26a5_00067,TE2E (Conv),400,1,0,0.0018232537786934564
748,84.94145965576172,c26a5_00067,TE2E (Conv),400,1,0,0.0018232537786934564
749,84.6370620727539,c26a5_00067,TE2E (Conv),400,1,0,0.0018232537786934564
750,82.94658660888672,c26a5_00067,TE2E (Conv),400,1,0,0.0018232537786934564
751,82.2953109741211,c26a5_00067,TE2E (Conv),400,1,0,0.0018232537786934564
752,82.4298095703125,c26a5_00067,TE2E (Conv),400,1,0,0.0018232537786934564
753,84.94429016113281,c26a5_00067,TE2E (Conv),400,1,0,0.0018232537786934564
754,83.48883819580078,c26a5_00067,TE2E (Conv),400,1,0,0.0018232537786934564
755,83.4548568725586,c26a5_00067,TE2E (Conv),400,1,0,0.0018232537786934564
756,85.7612075805664,c26a5_00067,TE2E (Conv),400,1,0,0.0018232537786934564
757,83.64457702636719,c26a5_00067,TE2E (Conv),400,1,0,0.0018232537786934564
758,85.2784194946289,c26a5_00067,TE2E (Conv),400,1,0,0.0018232537786934564
759,81.21646118164062,c26a5_00067,TE2E (Conv),400,1,0,0.0018232537786934564
760,72.62772369384766,c26a5_00286,TCL (Conv),800,1,2,0.003646507557386913
761,82.53813171386719,c26a5_00286,TCL (Conv),800,1,2,0.003646507557386913
762,80.56494140625,c26a5_00286,TCL (Conv),800,1,2,0.003646507557386913
763,71.33892822265625,c26a5_00286,TCL (Conv),800,1,2,0.003646507557386913
764,71.17893981933594,c26a5_00286,TCL (Conv),800,1,2,0.003646507557386913
765,82.50080108642578,c26a5_00286,TCL (Conv),800,1,2,0.003646507557386913
766,76.48345184326172,c26a5_00286,TCL (Conv),800,1,2,0.003646507557386913
767,80.53472137451172,c26a5_00286,TCL (Conv),800,1,2,0.003646507557386913
768,82.42436218261719,c26a5_00286,TCL (Conv),800,1,2,0.003646507557386913
769,83.47673034667969,c26a5_00286,TCL (Conv),800,1,2,0.003646507557386913
770,81.47509765625,c26a5_00286,TCL (Conv),800,1,2,0.003646507557386913
771,86.37430572509766,c26a5_00286,TCL (Conv),800,1,2,0.003646507557386913
772,83.56561279296875,c26a5_00286,TCL (Conv),800,1,2,0.003646507557386913
773,81.5035400390625,c26a5_00286,TCL (Conv),800,1,2,0.003646507557386913
774,85.22416687011719,c26a5_00286,TCL (Conv),800,1,2,0.003646507557386913
775,85.28638458251953,c26a5_00286,TCL (Conv),800,1,2,0.003646507557386913
776,85.36637878417969,c26a5_00286,TCL (Conv),800,1,2,0.003646507557386913
777,86.55384826660156,c26a5_00286,TCL (Conv),800,1,2,0.003646507557386913
778,82.5932388305664,c26a5_00286,TCL (Conv),800,1,2,0.003646507557386913
779,83.88558959960938,c26a5_00286,TCL (Conv),800,1,2,0.003646507557386913
780,84.64998626708984,c26a5_00286,TCL (Conv),800,1,2,0.003646507557386913
781,86.05610656738281,c26a5_00286,TCL (Conv),800,1,2,0.003646507557386913
782,84.82952880859375,c26a5_00286,TCL (Conv),800,1,2,0.003646507557386913
783,85.68635559082031,c26a5_00286,TCL (Conv),800,1,2,0.003646507557386913
784,82.38347625732422,c26a5_00286,TCL (Conv),800,1,2,0.003646507557386913
785,84.56110382080078,c26a5_00286,TCL (Conv),800,1,2,0.003646507557386913
786,85.87478637695312,c26a5_00286,TCL (Conv),800,1,2,0.003646507557386913
787,79.45035552978516,c26a5_00286,TCL (Conv),800,1,2,0.003646507557386913
788,83.44473266601562,c26a5_00286,TCL (Conv),800,1,2,0.003646507557386913
789,83.80204010009766,c26a5_00286,TCL (Conv),800,1,2,0.003646507557386913
790,84.5397720336914,c26a5_00286,TCL (Conv),800,1,2,0.003646507557386913
791,84.20023345947266,c26a5_00286,TCL (Conv),800,1,2,0.003646507557386913
792,72.21708679199219,c26a5_00286,TCL (Conv),800,1,2,0.003646507557386913
793,84.05624389648438,c26a5_00286,TCL (Conv),800,1,2,0.003646507557386913
794,83.30074310302734,c26a5_00286,TCL (Conv),800,1,2,0.003646507557386913
795,83.93180847167969,c26a5_00286,TCL (Conv),800,1,2,0.003646507557386913
796,86.69961547851562,c26a5_00286,TCL (Conv),800,1,2,0.003646507557386913
797,85.9903335571289,c26a5_00286,TCL (Conv),800,1,2,0.003646507557386913
798,85.17439270019531,c26a5_00286,TCL (Conv),800,1,2,0.003646507557386913
799,85.92278289794922,c26a5_00286,TCL (Conv),800,1,2,0.003646507557386913
800,86.18231964111328,c26a5_00286,TCL (Conv),800,1,2,0.003646507557386913
801,86.01344299316406,c26a5_00286,TCL (Conv),800,1,2,0.003646507557386913
802,84.2428970336914,c26a5_00286,TCL (Conv),800,1,2,0.003646507557386913
803,85.80012512207031,c26a5_00286,TCL (Conv),800,1,2,0.003646507557386913
804,85.29349517822266,c26a5_00286,TCL (Conv),800,1,2,0.003646507557386913
805,84.29800415039062,c26a5_00286,TCL (Conv),800,1,2,0.003646507557386913
806,85.40193176269531,c26a5_00286,TCL (Conv),800,1,2,0.003646507557386913
807,86.152099609375,c26a5_00286,TCL (Conv),800,1,2,0.003646507557386913
808,86.32808685302734,c26a5_00286,TCL (Conv),800,1,2,0.003646507557386913
809,84.376220703125,c26a5_00286,TCL (Conv),800,1,2,0.003646507557386913
810,84.0153579711914,c26a5_00286,TCL (Conv),800,1,2,0.003646507557386913
811,86.3600845336914,c26a5_00286,TCL (Conv),800,1,2,0.003646507557386913
812,84.28022766113281,c26a5_00286,TCL (Conv),800,1,2,0.003646507557386913
813,86.3885269165039,c26a5_00286,TCL (Conv),800,1,2,0.003646507557386913
814,85.47303771972656,c26a5_00286,TCL (Conv),800,1,2,0.003646507557386913
815,83.43228912353516,c26a5_00286,TCL (Conv),800,1,2,0.003646507557386913
816,84.51844024658203,c26a5_00286,TCL (Conv),800,1,2,0.003646507557386913
817,85.04106903076172,c26a5_00286,TCL (Conv),800,1,2,0.003646507557386913
818,85.6490249633789,c26a5_00286,TCL (Conv),800,1,2,0.003646507557386913
819,85.48014831542969,c26a5_00286,TCL (Conv),800,1,2,0.003646507557386913
820,78.59529876708984,c26a5_00286,TCL (Conv),800,1,2,0.003646507557386913
821,81.74174499511719,c26a5_00286,TCL (Conv),800,1,2,0.003646507557386913
822,85.9814453125,c26a5_00286,TCL (Conv),800,1,2,0.003646507557386913
823,85.73968505859375,c26a5_00286,TCL (Conv),800,1,2,0.003646507557386913
824,86.65872955322266,c26a5_00286,TCL (Conv),800,1,2,0.003646507557386913
825,81.20845031738281,c26a5_00286,TCL (Conv),800,1,2,0.003646507557386913
826,85.53170013427734,c26a5_00286,TCL (Conv),800,1,2,0.003646507557386913
827,84.32466888427734,c26a5_00286,TCL (Conv),800,1,2,0.003646507557386913
828,84.21978759765625,c26a5_00286,TCL (Conv),800,1,2,0.003646507557386913
829,85.40015411376953,c26a5_00286,TCL (Conv),800,1,2,0.003646507557386913
830,83.8731460571289,c26a5_00286,TCL (Conv),800,1,2,0.003646507557386913
831,86.16454315185547,c26a5_00286,TCL (Conv),800,1,2,0.003646507557386913
832,85.42504119873047,c26a5_00286,TCL (Conv),800,1,2,0.003646507557386913
833,85.71479797363281,c26a5_00286,TCL (Conv),800,1,2,0.003646507557386913
834,86.2747573852539,c26a5_00286,TCL (Conv),800,1,2,0.003646507557386913
835,84.26600646972656,c26a5_00286,TCL (Conv),800,1,2,0.003646507557386913
836,84.24645233154297,c26a5_00286,TCL (Conv),800,1,2,0.003646507557386913
837,84.58421325683594,c26a5_00286,TCL (Conv),800,1,2,0.003646507557386913
838,84.20556640625,c26a5_00286,TCL (Conv),800,1,2,0.003646507557386913
839,84.02424621582031,c26a5_00286,TCL (Conv),800,1,2,0.003646507557386913
840,85.97966766357422,c26a5_00286,TCL (Conv),800,1,2,0.003646507557386913
841,81.91950988769531,c26a5_00286,TCL (Conv),800,1,2,0.003646507557386913
842,84.80997467041016,c26a5_00286,TCL (Conv),800,1,2,0.003646507557386913
843,79.79521942138672,c26a5_00286,TCL (Conv),800,1,2,0.003646507557386913
844,84.72464752197266,c26a5_00286,TCL (Conv),800,1,2,0.003646507557386913
845,79.0948257446289,c26a5_00286,TCL (Conv),800,1,2,0.003646507557386913
846,83.18875122070312,c26a5_00286,TCL (Conv),800,1,2,0.003646507557386913
847,82.52568817138672,c26a5_00286,TCL (Conv),800,1,2,0.003646507557386913
848,83.75759887695312,c26a5_00286,TCL (Conv),800,1,2,0.003646507557386913
849,82.68745422363281,c26a5_00286,TCL (Conv),800,1,2,0.003646507557386913
850,83.09809112548828,c26a5_00286,TCL (Conv),800,1,2,0.003646507557386913
851,82.7070083618164,c26a5_00286,TCL (Conv),800,1,2,0.003646507557386913
852,86.68894958496094,c26a5_00286,TCL (Conv),800,1,2,0.003646507557386913
853,85.59747314453125,c26a5_00286,TCL (Conv),800,1,2,0.003646507557386913
854,84.12379455566406,c26a5_00286,TCL (Conv),800,1,2,0.003646507557386913
855,84.0829086303711,c26a5_00286,TCL (Conv),800,1,2,0.003646507557386913
856,86.15387725830078,c26a5_00286,TCL (Conv),800,1,2,0.003646507557386913
857,84.78330993652344,c26a5_00286,TCL (Conv),800,1,2,0.003646507557386913
858,85.28816223144531,c26a5_00286,TCL (Conv),800,1,2,0.003646507557386913
859,86.37252807617188,c26a5_00286,TCL (Conv),800,1,2,0.003646507557386913
860,84.26778411865234,c26a5_00286,TCL (Conv),800,1,2,0.003646507557386913
861,86.06321716308594,c26a5_00286,TCL (Conv),800,1,2,0.003646507557386913
862,86.59473419189453,c26a5_00286,TCL (Conv),800,1,2,0.003646507557386913
863,83.47850799560547,c26a5_00286,TCL (Conv),800,1,2,0.003646507557386913
864,85.56903076171875,c26a5_00286,TCL (Conv),800,1,2,0.003646507557386913
865,84.55577087402344,c26a5_00286,TCL (Conv),800,1,2,0.003646507557386913
866,84.99840545654297,c26a5_00286,TCL (Conv),800,1,2,0.003646507557386913
867,82.19682312011719,c26a5_00286,TCL (Conv),800,1,2,0.003646507557386913
868,85.5548095703125,c26a5_00286,TCL (Conv),800,1,2,0.003646507557386913
869,85.23127746582031,c26a5_00286,TCL (Conv),800,1,2,0.003646507557386913
870,83.85003662109375,c26a5_00286,TCL (Conv),800,1,2,0.003646507557386913
871,84.0260238647461,c26a5_00286,TCL (Conv),800,1,2,0.003646507557386913
872,85.23127746582031,c26a5_00286,TCL (Conv),800,1,2,0.003646507557386913
873,85.8765640258789,c26a5_00286,TCL (Conv),800,1,2,0.003646507557386913
874,81.41465759277344,c26a5_00286,TCL (Conv),800,1,2,0.003646507557386913
875,85.86589813232422,c26a5_00286,TCL (Conv),800,1,2,0.003646507557386913
876,84.5877685546875,c26a5_00286,TCL (Conv),800,1,2,0.003646507557386913
877,84.47221374511719,c26a5_00286,TCL (Conv),800,1,2,0.003646507557386913
878,81.16578674316406,c26a5_00286,TCL (Conv),800,1,2,0.003646507557386913
879,85.71479797363281,c26a5_00286,TCL (Conv),800,1,2,0.003646507557386913
880,81.1426773071289,c26a5_00286,TCL (Conv),800,1,2,0.003646507557386913
881,84.42955017089844,c26a5_00286,TCL (Conv),800,1,2,0.003646507557386913
882,83.5513916015625,c26a5_00286,TCL (Conv),800,1,2,0.003646507557386913
883,85.81612396240234,c26a5_00286,TCL (Conv),800,1,2,0.003646507557386913
884,84.77975463867188,c26a5_00286,TCL (Conv),800,1,2,0.003646507557386913
885,82.83855438232422,c26a5_00286,TCL (Conv),800,1,2,0.003646507557386913
886,84.1291275024414,c26a5_00286,TCL (Conv),800,1,2,0.003646507557386913
887,84.39755249023438,c26a5_00286,TCL (Conv),800,1,2,0.003646507557386913
888,85.84278869628906,c26a5_00286,TCL (Conv),800,1,2,0.003646507557386913
889,84.2997817993164,c26a5_00286,TCL (Conv),800,1,2,0.003646507557386913
890,86.03299713134766,c26a5_00286,TCL (Conv),800,1,2,0.003646507557386913
891,75.77239227294922,c26a5_00286,TCL (Conv),800,1,2,0.003646507557386913
892,84.36555480957031,c26a5_00286,TCL (Conv),800,1,2,0.003646507557386913
893,83.49628448486328,c26a5_00286,TCL (Conv),800,1,2,0.003646507557386913
894,85.8872299194336,c26a5_00286,TCL (Conv),800,1,2,0.003646507557386913
895,84.3851089477539,c26a5_00286,TCL (Conv),800,1,2,0.003646507557386913
896,84.51488494873047,c26a5_00286,TCL (Conv),800,1,2,0.003646507557386913
897,83.15853118896484,c26a5_00286,TCL (Conv),800,1,2,0.003646507557386913
898,81.27777862548828,c26a5_00286,TCL (Conv),800,1,2,0.003646507557386913
899,83.29896545410156,c26a5_00286,TCL (Conv),800,1,2,0.003646507557386913
900,85.79479217529297,c26a5_00286,TCL (Conv),800,1,2,0.003646507557386913
901,84.09890747070312,c26a5_00286,TCL (Conv),800,1,2,0.003646507557386913
902,83.6456069946289,c26a5_00286,TCL (Conv),800,1,2,0.003646507557386913
903,86.13965606689453,c26a5_00286,TCL (Conv),800,1,2,0.003646507557386913
904,85.31304931640625,c26a5_00286,TCL (Conv),800,1,2,0.003646507557386913
905,84.6642074584961,c26a5_00286,TCL (Conv),800,1,2,0.003646507557386913
906,85.11039733886719,c26a5_00286,TCL (Conv),800,1,2,0.003646507557386913
907,85.63480377197266,c26a5_00286,TCL (Conv),800,1,2,0.003646507557386913
908,81.75596618652344,c26a5_00286,TCL (Conv),800,1,2,0.003646507557386913
909,84.13268280029297,c26a5_00286,TCL (Conv),800,1,2,0.003646507557386913
910,84.39221954345703,c26a5_00286,TCL (Conv),800,1,2,0.003646507557386913
911,84.13268280029297,c26a5_00286,TCL (Conv),800,1,2,0.003646507557386913
912,83.31674194335938,c26a5_00286,TCL (Conv),800,1,2,0.003646507557386913
913,81.48754119873047,c26a5_00286,TCL (Conv),800,1,2,0.003646507557386913
914,84.28378295898438,c26a5_00286,TCL (Conv),800,1,2,0.003646507557386913
915,84.29622650146484,c26a5_00286,TCL (Conv),800,1,2,0.003646507557386913
916,84.23578643798828,c26a5_00286,TCL (Conv),800,1,2,0.003646507557386913
917,85.08728790283203,c26a5_00286,TCL (Conv),800,1,2,0.003646507557386913
918,85.25616455078125,c26a5_00286,TCL (Conv),800,1,2,0.003646507557386913
919,85.22594451904297,c26a5_00286,TCL (Conv),800,1,2,0.003646507557386913
920,86.2854232788086,c26a5_00286,TCL (Conv),800,1,2,0.003646507557386913
921,85.5068130493164,c26a5_00286,TCL (Conv),800,1,2,0.003646507557386913
922,85.86234283447266,c26a5_00286,TCL (Conv),800,1,2,0.003646507557386913
923,85.92633819580078,c26a5_00286,TCL (Conv),800,1,2,0.003646507557386913
924,84.56110382080078,c26a5_00286,TCL (Conv),800,1,2,0.003646507557386913
925,85.4499282836914,c26a5_00286,TCL (Conv),800,1,2,0.003646507557386913
926,85.76990509033203,c26a5_00286,TCL (Conv),800,1,2,0.003646507557386913
927,84.37799835205078,c26a5_00286,TCL (Conv),800,1,2,0.003646507557386913
928,86.1041030883789,c26a5_00286,TCL (Conv),800,1,2,0.003646507557386913
929,85.0339584350586,c26a5_00286,TCL (Conv),800,1,2,0.003646507557386913
930,86.3138656616211,c26a5_00286,TCL (Conv),800,1,2,0.003646507557386913
931,85.48192596435547,c26a5_00286,TCL (Conv),800,1,2,0.003646507557386913
932,84.74242401123047,c26a5_00286,TCL (Conv),800,1,2,0.003646507557386913
933,85.5636978149414,c26a5_00286,TCL (Conv),800,1,2,0.003646507557386913
934,82.8314437866211,c26a5_00286,TCL (Conv),800,1,2,0.003646507557386913
935,84.50421905517578,c26a5_00286,TCL (Conv),800,1,2,0.003646507557386913
936,85.91033935546875,c26a5_00286,TCL (Conv),800,1,2,0.003646507557386913
937,85.65258026123047,c26a5_00286,TCL (Conv),800,1,2,0.003646507557386913
938,84.84908294677734,c26a5_00286,TCL (Conv),800,1,2,0.003646507557386913
939,85.6774673461914,c26a5_00286,TCL (Conv),800,1,2,0.003646507557386913
940,86.26053619384766,c26a5_00286,TCL (Conv),800,1,2,0.003646507557386913
941,85.29705047607422,c26a5_00286,TCL (Conv),800,1,2,0.003646507557386913
942,86.1041030883789,c26a5_00286,TCL (Conv),800,1,2,0.003646507557386913
943,85.68102264404297,c26a5_00286,TCL (Conv),800,1,2,0.003646507557386913
944,85.68635559082031,c26a5_00286,TCL (Conv),800,1,2,0.003646507557386913
945,83.14786529541016,c26a5_00286,TCL (Conv),800,1,2,0.003646507557386913
946,83.21541595458984,c26a5_00286,TCL (Conv),800,1,2,0.003646507557386913
947,85.25438690185547,c26a5_00286,TCL (Conv),800,1,2,0.003646507557386913
948,85.41259765625,c26a5_00286,TCL (Conv),800,1,2,0.003646507557386913
949,86.0098876953125,c26a5_00286,TCL (Conv),800,1,2,0.003646507557386913
950,83.24208068847656,c26a5_00286,TCL (Conv),800,1,2,0.003646507557386913
951,84.24645233154297,c26a5_00286,TCL (Conv),800,1,2,0.003646507557386913
952,84.6446533203125,c26a5_00286,TCL (Conv),800,1,2,0.003646507557386913
953,83.37895965576172,c26a5_00286,TCL (Conv),800,1,2,0.003646507557386913
954,84.17890167236328,c26a5_00286,TCL (Conv),800,1,2,0.003646507557386913
955,84.89707946777344,c26a5_00286,TCL (Conv),800,1,2,0.003646507557386913
956,84.88285827636719,c26a5_00286,TCL (Conv),800,1,2,0.003646507557386913
957,83.90514373779297,c26a5_00286,TCL (Conv),800,1,2,0.003646507557386913
958,82.97721099853516,c26a5_00286,TCL (Conv),800,1,2,0.003646507557386913
959,85.69168853759766,c26a5_00286,TCL (Conv),800,1,2,0.003646507557386913
960,81.5649642944336,c26a5_00107,TE2E (Conv),800,1,3,0.003646507557386913
961,82.45122528076172,c26a5_00107,TE2E (Conv),800,1,3,0.003646507557386913
962,82.17691040039062,c26a5_00107,TE2E (Conv),800,1,3,0.003646507557386913
963,76.97826385498047,c26a5_00107,TE2E (Conv),800,1,3,0.003646507557386913
964,82.2670669555664,c26a5_00107,TE2E (Conv),800,1,3,0.003646507557386913
965,83.56768798828125,c26a5_00107,TE2E (Conv),800,1,3,0.003646507557386913
966,81.27338409423828,c26a5_00107,TE2E (Conv),800,1,3,0.003646507557386913
967,76.90153503417969,c26a5_00107,TE2E (Conv),800,1,3,0.003646507557386913
968,82.54138946533203,c26a5_00107,TE2E (Conv),800,1,3,0.003646507557386913
969,81.12374877929688,c26a5_00107,TE2E (Conv),800,1,3,0.003646507557386913
970,84.56484985351562,c26a5_00225,TE2E (Conv),600,1,0,0.0027348806680401847
971,83.28495788574219,c26a5_00225,TE2E (Conv),600,1,0,0.0027348806680401847
972,84.48981475830078,c26a5_00225,TE2E (Conv),600,1,0,0.0027348806680401847
973,83.79606628417969,c26a5_00225,TE2E (Conv),600,1,0,0.0027348806680401847
974,81.85782623291016,c26a5_00225,TE2E (Conv),600,1,0,0.0027348806680401847
975,84.48273468017578,c26a5_00225,TE2E (Conv),600,1,0,0.0027348806680401847
976,85.15666198730469,c26a5_00225,TE2E (Conv),600,1,0,0.0027348806680401847
977,83.22125244140625,c26a5_00225,TE2E (Conv),600,1,0,0.0027348806680401847
978,81.33255767822266,c26a5_00225,TE2E (Conv),600,1,0,0.0027348806680401847
979,84.36946868896484,c26a5_00225,TE2E (Conv),600,1,0,0.0027348806680401847
980,82.4822006225586,c26a5_00225,TE2E (Conv),600,1,0,0.0027348806680401847
981,83.52140045166016,c26a5_00225,TE2E (Conv),600,1,0,0.0027348806680401847
982,86.01039123535156,c26a5_00225,TE2E (Conv),600,1,0,0.0027348806680401847
983,81.53643798828125,c26a5_00225,TE2E (Conv),600,1,0,0.0027348806680401847
984,78.21920013427734,c26a5_00225,TE2E (Conv),600,1,0,0.0027348806680401847
985,78.39759063720703,c26a5_00225,TE2E (Conv),600,1,0,0.0027348806680401847
986,80.91348266601562,c26a5_00225,TE2E (Conv),600,1,0,0.0027348806680401847
987,81.40760040283203,c26a5_00225,TE2E (Conv),600,1,0,0.0027348806680401847
988,83.79606628417969,c26a5_00225,TE2E (Conv),600,1,0,0.0027348806680401847
989,77.957275390625,c26a5_00225,TE2E (Conv),600,1,0,0.0027348806680401847
990,80.89649200439453,c26a5_00225,TE2E (Conv),600,1,0,0.0027348806680401847
991,81.84508514404297,c26a5_00225,TE2E (Conv),600,1,0,0.0027348806680401847
992,75.99496459960938,c26a5_00225,TE2E (Conv),600,1,0,0.0027348806680401847
993,74.84957122802734,c26a5_00225,TE2E (Conv),600,1,0,0.0027348806680401847
994,84.49406433105469,c26a5_00225,TE2E (Conv),600,1,0,0.0027348806680401847
995,82.1409912109375,c26a5_00225,TE2E (Conv),600,1,0,0.0027348806680401847
996,82.8106689453125,c26a5_00225,TE2E (Conv),600,1,0,0.0027348806680401847
997,78.63544464111328,c26a5_00225,TE2E (Conv),600,1,0,0.0027348806680401847
998,84.32133483886719,c26a5_00225,TE2E (Conv),600,1,0,0.0027348806680401847
999,84.949951171875,c26a5_00225,TE2E (Conv),600,1,0,0.0027348806680401847
1000,82.9437484741211,c26a5_00225,TE2E (Conv),600,1,0,0.0027348806680401847
1001,71.39924621582031,c26a5_00225,TE2E (Conv),600,1,0,0.0027348806680401847
1002,83.23965454101562,c26a5_00225,TE2E (Conv),600,1,0,0.0027348806680401847
1003,86.65458679199219,c26a5_00225,TE2E (Conv),600,1,0,0.0027348806680401847
1004,79.9408187866211,c26a5_00225,TE2E (Conv),600,1,0,0.0027348806680401847
1005,83.54830169677734,c26a5_00225,TE2E (Conv),600,1,0,0.0027348806680401847
1006,79.36458587646484,c26a5_00225,TE2E (Conv),600,1,0,0.0027348806680401847
1007,76.50890350341797,c26a5_00225,TE2E (Conv),600,1,0,0.0027348806680401847
1008,75.595703125,c26a5_00225,TE2E (Conv),600,1,0,0.0027348806680401847
1009,80.63031768798828,c26a5_00225,TE2E (Conv),600,1,0,0.0027348806680401847
1010,78.87123107910156,c26a5_00144,TCL (Conv),400,0,1,0.0018232537786934564
1011,82.93585968017578,c26a5_00144,TCL (Conv),400,0,1,0.0018232537786934564
1012,82.83970642089844,c26a5_00144,TCL (Conv),400,0,1,0.0018232537786934564
1013,80.7039566040039,c26a5_00144,TCL (Conv),400,0,1,0.0018232537786934564
1014,77.4974136352539,c26a5_00144,TCL (Conv),400,0,1,0.0018232537786934564
1015,81.26629638671875,c26a5_00144,TCL (Conv),400,0,1,0.0018232537786934564
1016,83.44284057617188,c26a5_00144,TCL (Conv),400,0,1,0.0018232537786934564
1017,84.21788787841797,c26a5_00144,TCL (Conv),400,0,1,0.0018232537786934564
1018,83.45886993408203,c26a5_00144,TCL (Conv),400,0,1,0.0018232537786934564
1019,85.1065673828125,c26a5_00144,TCL (Conv),400,0,1,0.0018232537786934564
1020,80.99095153808594,c26a5_00144,TCL (Conv),400,0,1,0.0018232537786934564
1021,83.65262603759766,c26a5_00144,TCL (Conv),400,0,1,0.0018232537786934564
1022,83.01744079589844,c26a5_00144,TCL (Conv),400,0,1,0.0018232537786934564
1023,83.07862854003906,c26a5_00144,TCL (Conv),400,0,1,0.0018232537786934564
1024,84.20768737792969,c26a5_00144,TCL (Conv),400,0,1,0.0018232537786934564
1025,85.9486312866211,c26a5_00144,TCL (Conv),400,0,1,0.0018232537786934564
1026,82.22054290771484,c26a5_00144,TCL (Conv),400,0,1,0.0018232537786934564
1027,85.3119888305664,c26a5_00144,TCL (Conv),400,0,1,0.0018232537786934564
1028,83.03783416748047,c26a5_00144,TCL (Conv),400,0,1,0.0018232537786934564
1029,84.5238265991211,c26a5_00144,TCL (Conv),400,0,1,0.0018232537786934564
1030,84.28053283691406,c26a5_00144,TCL (Conv),400,0,1,0.0018232537786934564
1031,85.03810119628906,c26a5_00144,TCL (Conv),400,0,1,0.0018232537786934564
1032,85.61792755126953,c26a5_00144,TCL (Conv),400,0,1,0.0018232537786934564
1033,83.7094497680664,c26a5_00144,TCL (Conv),400,0,1,0.0018232537786934564
1034,82.29338073730469,c26a5_00144,TCL (Conv),400,0,1,0.0018232537786934564
1035,79.81381225585938,c26a5_00144,TCL (Conv),400,0,1,0.0018232537786934564
1036,83.74004364013672,c26a5_00144,TCL (Conv),400,0,1,0.0018232537786934564
1037,84.59521484375,c26a5_00144,TCL (Conv),400,0,1,0.0018232537786934564
1038,82.48277282714844,c26a5_00144,TCL (Conv),400,0,1,0.0018232537786934564
1039,83.50694274902344,c26a5_00144,TCL (Conv),400,0,1,0.0018232537786934564
1040,81.06379699707031,c26a5_00144,TCL (Conv),400,0,1,0.0018232537786934564
1041,83.45158386230469,c26a5_00144,TCL (Conv),400,0,1,0.0018232537786934564
1042,83.31317901611328,c26a5_00144,TCL (Conv),400,0,1,0.0018232537786934564
1043,82.55416107177734,c26a5_00144,TCL (Conv),400,0,1,0.0018232537786934564
1044,83.4996566772461,c26a5_00144,TCL (Conv),400,0,1,0.0018232537786934564
1045,83.67739868164062,c26a5_00144,TCL (Conv),400,0,1,0.0018232537786934564
1046,83.29861450195312,c26a5_00144,TCL (Conv),400,0,1,0.0018232537786934564
1047,83.48800659179688,c26a5_00144,TCL (Conv),400,0,1,0.0018232537786934564
1048,82.44489288330078,c26a5_00144,TCL (Conv),400,0,1,0.0018232537786934564
1049,83.6380615234375,c26a5_00144,TCL (Conv),400,0,1,0.0018232537786934564
1050,79.24711608886719,c26a5_00039,TE2E (Conv),600,2,2,0.0027348806680401847
1051,83.62767791748047,c26a5_00039,TE2E (Conv),600,2,2,0.0027348806680401847
1052,84.27018737792969,c26a5_00039,TE2E (Conv),600,2,2,0.0027348806680401847
1053,84.9308090209961,c26a5_00039,TE2E (Conv),600,2,2,0.0027348806680401847
1054,83.75123596191406,c26a5_00039,TE2E (Conv),600,2,2,0.0027348806680401847
1055,83.96705627441406,c26a5_00039,TE2E (Conv),600,2,2,0.0027348806680401847
1056,80.8006591796875,c26a5_00039,TE2E (Conv),600,2,2,0.0027348806680401847
1057,84.46128845214844,c26a5_00039,TE2E (Conv),600,2,2,0.0027348806680401847
1058,85.49259185791016,c26a5_00039,TE2E (Conv),600,2,2,0.0027348806680401847
1059,84.10049438476562,c26a5_00039,TE2E (Conv),600,2,2,0.0027348806680401847
1060,84.70181274414062,c26a5_00039,TE2E (Conv),600,2,2,0.0027348806680401847
1061,85.65568542480469,c26a5_00039,TE2E (Conv),600,2,2,0.0027348806680401847
1062,85.57002258300781,c26a5_00039,TE2E (Conv),600,2,2,0.0027348806680401847
1063,82.81219482421875,c26a5_00039,TE2E (Conv),600,2,2,0.0027348806680401847
1064,85.56837463378906,c26a5_00039,TE2E (Conv),600,2,2,0.0027348806680401847
1065,85.4085693359375,c26a5_00039,TE2E (Conv),600,2,2,0.0027348806680401847
1066,84.33773040771484,c26a5_00039,TE2E (Conv),600,2,2,0.0027348806680401847
1067,80.74300384521484,c26a5_00039,TE2E (Conv),600,2,2,0.0027348806680401847
1068,85.70016479492188,c26a5_00039,TE2E (Conv),600,2,2,0.0027348806680401847
1069,86.05601501464844,c26a5_00039,TE2E (Conv),600,2,2,0.0027348806680401847
1070,83.36903381347656,c26a5_00039,TE2E (Conv),600,2,2,0.0027348806680401847
1071,84.96211242675781,c26a5_00039,TE2E (Conv),600,2,2,0.0027348806680401847
1072,86.39044952392578,c26a5_00039,TE2E (Conv),600,2,2,0.0027348806680401847
1073,86.2751235961914,c26a5_00039,TE2E (Conv),600,2,2,0.0027348806680401847
1074,85.47611236572266,c26a5_00039,TE2E (Conv),600,2,2,0.0027348806680401847
1075,85.76441955566406,c26a5_00039,TE2E (Conv),600,2,2,0.0027348806680401847
1076,84.61614990234375,c26a5_00039,TE2E (Conv),600,2,2,0.0027348806680401847
1077,79.42998504638672,c26a5_00039,TE2E (Conv),600,2,2,0.0027348806680401847
1078,85.67216491699219,c26a5_00039,TE2E (Conv),600,2,2,0.0027348806680401847
1079,82.17462921142578,c26a5_00039,TE2E (Conv),600,2,2,0.0027348806680401847
1080,84.76606750488281,c26a5_00039,TE2E (Conv),600,2,2,0.0027348806680401847
1081,83.14498138427734,c26a5_00039,TE2E (Conv),600,2,2,0.0027348806680401847
1082,84.24217987060547,c26a5_00039,TE2E (Conv),600,2,2,0.0027348806680401847
1083,84.8764419555664,c26a5_00039,TE2E (Conv),600,2,2,0.0027348806680401847
1084,81.81549072265625,c26a5_00039,TE2E (Conv),600,2,2,0.0027348806680401847
1085,85.22240447998047,c26a5_00039,TE2E (Conv),600,2,2,0.0027348806680401847
1086,86.01153564453125,c26a5_00039,TE2E (Conv),600,2,2,0.0027348806680401847
1087,85.53047943115234,c26a5_00039,TE2E (Conv),600,2,2,0.0027348806680401847
1088,85.26359558105469,c26a5_00039,TE2E (Conv),600,2,2,0.0027348806680401847
1089,81.0098876953125,c26a5_00039,TE2E (Conv),600,2,2,0.0027348806680401847
1090,76.71876525878906,c26a5_00296,TCL (Conv),600,0,4,0.0027348806680401847
1091,80.1021728515625,c26a5_00296,TCL (Conv),600,0,4,0.0027348806680401847
1092,81.95289611816406,c26a5_00296,TCL (Conv),600,0,4,0.0027348806680401847
1093,83.27243041992188,c26a5_00296,TCL (Conv),600,0,4,0.0027348806680401847
1094,80.83299255371094,c26a5_00296,TCL (Conv),600,0,4,0.0027348806680401847
1095,79.36459350585938,c26a5_00296,TCL (Conv),600,0,4,0.0027348806680401847
1096,79.91608428955078,c26a5_00296,TCL (Conv),600,0,4,0.0027348806680401847
1097,79.68939971923828,c26a5_00296,TCL (Conv),600,0,4,0.0027348806680401847
1098,81.95289611816406,c26a5_00296,TCL (Conv),600,0,4,0.0027348806680401847
1099,84.96074676513672,c26a5_00296,TCL (Conv),600,0,4,0.0027348806680401847
1100,82.77507019042969,c26a5_00296,TCL (Conv),600,0,4,0.0027348806680401847
1101,83.03559112548828,c26a5_00296,TCL (Conv),600,0,4,0.0027348806680401847
1102,78.53565979003906,c26a5_00296,TCL (Conv),600,0,4,0.0027348806680401847
1103,80.4608154296875,c26a5_00296,TCL (Conv),600,0,4,0.0027348806680401847
1104,78.25483703613281,c26a5_00296,TCL (Conv),600,0,4,0.0027348806680401847
1105,82.49424743652344,c26a5_00296,TCL (Conv),600,0,4,0.0027348806680401847
1106,85.06224822998047,c26a5_00296,TCL (Conv),600,0,4,0.0027348806680401847
1107,85.10285186767578,c26a5_00296,TCL (Conv),600,0,4,0.0027348806680401847
1108,81.99349975585938,c26a5_00296,TCL (Conv),600,0,4,0.0027348806680401847
1109,80.51495361328125,c26a5_00296,TCL (Conv),600,0,4,0.0027348806680401847
1110,78.63716125488281,c26a5_00296,TCL (Conv),600,0,4,0.0027348806680401847
1111,79.9972915649414,c26a5_00296,TCL (Conv),600,0,4,0.0027348806680401847
1112,84.22654724121094,c26a5_00296,TCL (Conv),600,0,4,0.0027348806680401847
1113,83.49911499023438,c26a5_00296,TCL (Conv),600,0,4,0.0027348806680401847
1114,85.83366394042969,c26a5_00296,TCL (Conv),600,0,4,0.0027348806680401847
1115,78.50182342529297,c26a5_00296,TCL (Conv),600,0,4,0.0027348806680401847
1116,82.62281036376953,c26a5_00296,TCL (Conv),600,0,4,0.0027348806680401847
1117,84.73067474365234,c26a5_00296,TCL (Conv),600,0,4,0.0027348806680401847
1118,84.21977996826172,c26a5_00296,TCL (Conv),600,0,4,0.0027348806680401847
1119,79.11083984375,c26a5_00296,TCL (Conv),600,0,4,0.0027348806680401847
1120,85.66787719726562,c26a5_00296,TCL (Conv),600,0,4,0.0027348806680401847
1121,85.12315368652344,c26a5_00296,TCL (Conv),600,0,4,0.0027348806680401847
1122,81.99349975585938,c26a5_00296,TCL (Conv),600,0,4,0.0027348806680401847
1123,84.33143615722656,c26a5_00296,TCL (Conv),600,0,4,0.0027348806680401847
1124,84.22654724121094,c26a5_00296,TCL (Conv),600,0,4,0.0027348806680401847
1125,83.73257446289062,c26a5_00296,TCL (Conv),600,0,4,0.0027348806680401847
1126,85.52915954589844,c26a5_00296,TCL (Conv),600,0,4,0.0027348806680401847
1127,80.73487091064453,c26a5_00296,TCL (Conv),600,0,4,0.0027348806680401847
1128,85.48179626464844,c26a5_00296,TCL (Conv),600,0,4,0.0027348806680401847
1129,84.74759674072266,c26a5_00296,TCL (Conv),600,0,4,0.0027348806680401847
1130,84.82540893554688,c26a5_00296,TCL (Conv),600,0,4,0.0027348806680401847
1131,84.66638946533203,c26a5_00296,TCL (Conv),600,0,4,0.0027348806680401847
1132,84.67654418945312,c26a5_00296,TCL (Conv),600,0,4,0.0027348806680401847
1133,81.74651336669922,c26a5_00296,TCL (Conv),600,0,4,0.0027348806680401847
1134,81.15103149414062,c26a5_00296,TCL (Conv),600,0,4,0.0027348806680401847
1135,83.69535064697266,c26a5_00296,TCL (Conv),600,0,4,0.0027348806680401847
1136,84.69007873535156,c26a5_00296,TCL (Conv),600,0,4,0.0027348806680401847
1137,84.80511474609375,c26a5_00296,TCL (Conv),600,0,4,0.0027348806680401847
1138,80.99539184570312,c26a5_00296,TCL (Conv),600,0,4,0.0027348806680401847
1139,84.28406524658203,c26a5_00296,TCL (Conv),600,0,4,0.0027348806680401847
1140,82.27094268798828,c26a5_00296,TCL (Conv),600,0,4,0.0027348806680401847
1141,82.77168273925781,c26a5_00296,TCL (Conv),600,0,4,0.0027348806680401847
1142,84.66638946533203,c26a5_00296,TCL (Conv),600,0,4,0.0027348806680401847
1143,83.01190185546875,c26a5_00296,TCL (Conv),600,0,4,0.0027348806680401847
1144,79.83150482177734,c26a5_00296,TCL (Conv),600,0,4,0.0027348806680401847
1145,83.86113739013672,c26a5_00296,TCL (Conv),600,0,4,0.0027348806680401847
1146,84.17241668701172,c26a5_00296,TCL (Conv),600,0,4,0.0027348806680401847
1147,81.44538879394531,c26a5_00296,TCL (Conv),600,0,4,0.0027348806680401847
1148,84.81188201904297,c26a5_00296,TCL (Conv),600,0,4,0.0027348806680401847
1149,83.76640319824219,c26a5_00296,TCL (Conv),600,0,4,0.0027348806680401847
1150,82.7412338256836,c26a5_00296,TCL (Conv),600,0,4,0.0027348806680401847
1151,82.94085693359375,c26a5_00296,TCL (Conv),600,0,4,0.0027348806680401847
1152,84.26715087890625,c26a5_00296,TCL (Conv),600,0,4,0.0027348806680401847
1153,82.38597869873047,c26a5_00296,TCL (Conv),600,0,4,0.0027348806680401847
1154,83.13709259033203,c26a5_00296,TCL (Conv),600,0,4,0.0027348806680401847
1155,83.8645248413086,c26a5_00296,TCL (Conv),600,0,4,0.0027348806680401847
1156,82.84950256347656,c26a5_00296,TCL (Conv),600,0,4,0.0027348806680401847
1157,82.74461364746094,c26a5_00296,TCL (Conv),600,0,4,0.0027348806680401847
1158,83.49573516845703,c26a5_00296,TCL (Conv),600,0,4,0.0027348806680401847
1159,82.14237213134766,c26a5_00296,TCL (Conv),600,0,4,0.0027348806680401847
1160,81.26606750488281,c26a5_00296,TCL (Conv),600,0,4,0.0027348806680401847
1161,84.79496002197266,c26a5_00296,TCL (Conv),600,0,4,0.0027348806680401847
1162,80.51495361328125,c26a5_00296,TCL (Conv),600,0,4,0.0027348806680401847
1163,82.90702056884766,c26a5_00296,TCL (Conv),600,0,4,0.0027348806680401847
1164,82.29800415039062,c26a5_00296,TCL (Conv),600,0,4,0.0027348806680401847
1165,83.32318115234375,c26a5_00296,TCL (Conv),600,0,4,0.0027348806680401847
1166,83.962646484375,c26a5_00296,TCL (Conv),600,0,4,0.0027348806680401847
1167,81.2356185913086,c26a5_00296,TCL (Conv),600,0,4,0.0027348806680401847
1168,85.20097351074219,c26a5_00296,TCL (Conv),600,0,4,0.0027348806680401847
1169,83.73595428466797,c26a5_00296,TCL (Conv),600,0,4,0.0027348806680401847
1170,83.05589294433594,c26a5_00296,TCL (Conv),600,0,4,0.0027348806680401847
1171,84.4667739868164,c26a5_00296,TCL (Conv),600,0,4,0.0027348806680401847
1172,80.38299560546875,c26a5_00296,TCL (Conv),600,0,4,0.0027348806680401847
1173,84.95059967041016,c26a5_00296,TCL (Conv),600,0,4,0.0027348806680401847
1174,80.74840545654297,c26a5_00296,TCL (Conv),600,0,4,0.0027348806680401847
1175,83.3908462524414,c26a5_00296,TCL (Conv),600,0,4,0.0027348806680401847
1176,80.1123275756836,c26a5_00296,TCL (Conv),600,0,4,0.0027348806680401847
1177,82.27770233154297,c26a5_00296,TCL (Conv),600,0,4,0.0027348806680401847
1178,82.66341400146484,c26a5_00296,TCL (Conv),600,0,4,0.0027348806680401847
1179,81.73635864257812,c26a5_00296,TCL (Conv),600,0,4,0.0027348806680401847
1180,82.11530303955078,c26a5_00296,TCL (Conv),600,0,4,0.0027348806680401847
1181,81.86831665039062,c26a5_00296,TCL (Conv),600,0,4,0.0027348806680401847
1182,81.5604248046875,c26a5_00296,TCL (Conv),600,0,4,0.0027348806680401847
1183,82.50439453125,c26a5_00296,TCL (Conv),600,0,4,0.0027348806680401847
1184,81.45892333984375,c26a5_00296,TCL (Conv),600,0,4,0.0027348806680401847
1185,82.98145294189453,c26a5_00296,TCL (Conv),600,0,4,0.0027348806680401847
1186,78.94505310058594,c26a5_00296,TCL (Conv),600,0,4,0.0027348806680401847
1187,82.09500122070312,c26a5_00296,TCL (Conv),600,0,4,0.0027348806680401847
1188,82.910400390625,c26a5_00296,TCL (Conv),600,0,4,0.0027348806680401847
1189,83.57355499267578,c26a5_00296,TCL (Conv),600,0,4,0.0027348806680401847
1190,82.93746948242188,c26a5_00296,TCL (Conv),600,0,4,0.0027348806680401847
1191,81.0326156616211,c26a5_00296,TCL (Conv),600,0,4,0.0027348806680401847
1192,82.42657470703125,c26a5_00296,TCL (Conv),600,0,4,0.0027348806680401847
1193,82.910400390625,c26a5_00296,TCL (Conv),600,0,4,0.0027348806680401847
1194,81.62808990478516,c26a5_00296,TCL (Conv),600,0,4,0.0027348806680401847
1195,83.78670501708984,c26a5_00296,TCL (Conv),600,0,4,0.0027348806680401847
1196,84.41263580322266,c26a5_00296,TCL (Conv),600,0,4,0.0027348806680401847
1197,83.81715393066406,c26a5_00296,TCL (Conv),600,0,4,0.0027348806680401847
1198,82.80213165283203,c26a5_00296,TCL (Conv),600,0,4,0.0027348806680401847
1199,84.32804870605469,c26a5_00296,TCL (Conv),600,0,4,0.0027348806680401847
1200,82.30815887451172,c26a5_00296,TCL (Conv),600,0,4,0.0027348806680401847
1201,79.69954681396484,c26a5_00296,TCL (Conv),600,0,4,0.0027348806680401847
1202,81.1442642211914,c26a5_00296,TCL (Conv),600,0,4,0.0027348806680401847
1203,79.11421966552734,c26a5_00296,TCL (Conv),600,0,4,0.0027348806680401847
1204,81.84801483154297,c26a5_00296,TCL (Conv),600,0,4,0.0027348806680401847
1205,81.91567993164062,c26a5_00296,TCL (Conv),600,0,4,0.0027348806680401847
1206,82.7073974609375,c26a5_00296,TCL (Conv),600,0,4,0.0027348806680401847
1207,83.1472396850586,c26a5_00296,TCL (Conv),600,0,4,0.0027348806680401847
1208,81.71267700195312,c26a5_00296,TCL (Conv),600,0,4,0.0027348806680401847
1209,82.60589599609375,c26a5_00296,TCL (Conv),600,0,4,0.0027348806680401847
1210,83.46866607666016,c26a5_00296,TCL (Conv),600,0,4,0.0027348806680401847
1211,80.96833038330078,c26a5_00296,TCL (Conv),600,0,4,0.0027348806680401847
1212,83.66490173339844,c26a5_00296,TCL (Conv),600,0,4,0.0027348806680401847
1213,84.05399322509766,c26a5_00296,TCL (Conv),600,0,4,0.0027348806680401847
1214,82.3589096069336,c26a5_00296,TCL (Conv),600,0,4,0.0027348806680401847
1215,84.10136413574219,c26a5_00296,TCL (Conv),600,0,4,0.0027348806680401847
1216,83.75286865234375,c26a5_00296,TCL (Conv),600,0,4,0.0027348806680401847
1217,81.68560791015625,c26a5_00296,TCL (Conv),600,0,4,0.0027348806680401847
1218,80.92095947265625,c26a5_00296,TCL (Conv),600,0,4,0.0027348806680401847
1219,81.31005096435547,c26a5_00296,TCL (Conv),600,0,4,0.0027348806680401847
1220,82.32169342041016,c26a5_00296,TCL (Conv),600,0,4,0.0027348806680401847
1221,81.4149398803711,c26a5_00296,TCL (Conv),600,0,4,0.0027348806680401847
1222,84.50060272216797,c26a5_00296,TCL (Conv),600,0,4,0.0027348806680401847
1223,78.64054107666016,c26a5_00296,TCL (Conv),600,0,4,0.0027348806680401847
1224,82.83258819580078,c26a5_00296,TCL (Conv),600,0,4,0.0027348806680401847
1225,82.4705581665039,c26a5_00296,TCL (Conv),600,0,4,0.0027348806680401847
1226,80.82283782958984,c26a5_00296,TCL (Conv),600,0,4,0.0027348806680401847
1227,83.82730865478516,c26a5_00296,TCL (Conv),600,0,4,0.0027348806680401847
1228,82.7818374633789,c26a5_00296,TCL (Conv),600,0,4,0.0027348806680401847
1229,83.55663299560547,c26a5_00296,TCL (Conv),600,0,4,0.0027348806680401847
1230,82.53146362304688,c26a5_00296,TCL (Conv),600,0,4,0.0027348806680401847
1231,81.80064392089844,c26a5_00296,TCL (Conv),600,0,4,0.0027348806680401847
1232,81.9089126586914,c26a5_00296,TCL (Conv),600,0,4,0.0027348806680401847
1233,82.17282104492188,c26a5_00296,TCL (Conv),600,0,4,0.0027348806680401847
1234,82.28785705566406,c26a5_00296,TCL (Conv),600,0,4,0.0027348806680401847
1235,83.43482971191406,c26a5_00296,TCL (Conv),600,0,4,0.0027348806680401847
1236,79.81120300292969,c26a5_00296,TCL (Conv),600,0,4,0.0027348806680401847
1237,80.998779296875,c26a5_00296,TCL (Conv),600,0,4,0.0027348806680401847
1238,83.61753845214844,c26a5_00296,TCL (Conv),600,0,4,0.0027348806680401847
1239,83.14385986328125,c26a5_00296,TCL (Conv),600,0,4,0.0027348806680401847
1240,82.0408706665039,c26a5_00296,TCL (Conv),600,0,4,0.0027348806680401847
1241,82.4231948852539,c26a5_00296,TCL (Conv),600,0,4,0.0027348806680401847
1242,80.96156311035156,c26a5_00296,TCL (Conv),600,0,4,0.0027348806680401847
1243,81.59087371826172,c26a5_00296,TCL (Conv),600,0,4,0.0027348806680401847
1244,83.02205657958984,c26a5_00296,TCL (Conv),600,0,4,0.0027348806680401847
1245,84.45323944091797,c26a5_00296,TCL (Conv),600,0,4,0.0027348806680401847
1246,82.70401763916016,c26a5_00296,TCL (Conv),600,0,4,0.0027348806680401847
1247,80.62660217285156,c26a5_00296,TCL (Conv),600,0,4,0.0027348806680401847
1248,80.7213363647461,c26a5_00296,TCL (Conv),600,0,4,0.0027348806680401847
1249,82.49424743652344,c26a5_00296,TCL (Conv),600,0,4,0.0027348806680401847
